country;director;genre;imdb_rating;title;year
['Франция'];['Жан-Луи Гийерму'];['комедия'];3.4;2 дурня в снегу;1977
['Россия'];['Сергей Соловьёв'];['драма'];4.6;2-Асса-2;2008
['Австралия'];['Мулари К Теллури'];['драматический фильм'];6.8;2:37;2006
['США'];['Нил Бёргер'];['комедийная драма'];7.0;1+1: Голливудская история;2019
['США', 'Австралия'];['Пол Карри'];['триллер'];5.7;2:22;2017
['США'];['Бенни Бум'];['байопик', 'драма', 'боевик'];5.9;2pac: Легенда;2017
['Франция', 'Германия'];['Жюли Дельпи'];['комедия', 'драма', 'мелодрама'];6.7;2 дня в Париже;2007
['Канада'];['Манон Брайан'];['комедия'];6.6;2 секунды;1998
['Азербайджан'];['Эльчин Мусаоглу'];['драма'];7.9;40-я дверь;2009
['Бразилия'];['Марко Фиорито'];['порнофильм', 'ЛГБТ-фильм'];4.3;2 Girls 1 Cup;2007
['США'];['Брайан Хелгеленд'];['драма', 'спортивный фильм'];7.5;42 / Номер 42;2013
['США'];['Ллойд Бэкон', 'Басби Беркли'];['комедия', 'мюзикл', 'мелодрама'];7.3;42-я улица;1933
['США'];['Ли Рой Майерс'];['порнофильм'];6.3;30 Rock: A XXX Parody;2009
['Франция'];['Оливье Накаш', 'Эрик Толедано'];['комедийная драма', 'бадди-муви'];8.5;1+1;2011
['Россия'];['Александр Муратов'];['комедия', 'фантастика', 'мелодрама'];5.0;32 декабря;2004
['США'];['Пол Краудер'];['документальный'];7.9;1;2013
['Индия'];['Сенна Хегде'];['документальный', 'драма', 'комедия'];8.9;0-41*;2016
['Франция', 'Великобритания'];['Юго Желен'];['драма', 'семейный', 'Музыка к фильму'];7.3;2+1;2016
['США'];['Роб Зомби'];['Фильм ужасов'];5.1;31;2016
['США', 'Чили', 'Колумбия'];['Патрисия Ригген'];['драма'];6.9;33;2015
['СССР'];['Леонид Квинихидзе'];['музыкальный фильм', 'мюзикл', 'фэнтези'];7.3;31 июня;1978
['Мексика', 'Испания'];['Ригоберто Кастаньеда'];['ужасы', 'мистика'];5.3;31-й километр;2006
['Канада'];['Дени Вильнёв'];['драма', 'мелодрама'];6.5;32-е августа на Земле;1998
['Республика Корея'];['Кан Джегю'];['драма', 'боевик', 'военный'];8.0;38-я параллель;2004
['Гонконг'];['Чэнь Чжихуа'];['боевик', 'комедия'];5.0;36 безумных кулаков;1977
['СССР'];['Андрей Малюков'];['Фильм-катастрофа', 'приключенческий фильм', 'драма'];6.2;34-й скорый;1981
['Венгрия'];['Карой Макк'];['исторический фильм военный экранизация'];6.7;39-я бригада;1959
['США'];['Майкл Леманн'];['кинокомедия'];5.6;40 дней и 40 ночей;2002
['Россия'];['Александр Галибин'];['детектив', 'триллер'];5.8;40;2007
['Австралия'];['Стив МакКаллум'];['криминальный'];5.3;1%;2017
['СССР'];['Амасий Мартиросян'];['комедия'];7.7;01-99;1959
['США'];['Питер Хатчингс'];['независимый кинематограф'];6.9;30 безумных желаний  Внешние видеофайлы;2018
['США'];['Лейф Тильден'];['драма', 'мелодрама'];6.3;1 миля до тебя;2017
['Швеция'];['Андерс Банке'];['фильм ужасов', 'комедия'];5.5;30 дней до рассвета;2006
['Россия'];['Таисия Игуменцева'];['комедия', 'мелодрама'];4.9;30 свиданий;2016
['США'];['Крэйг Мосс'];['комедийный', 'фильм ужасов'];2.6;30 ночей паранормального явления с одержимой девушкой с татуировкой дракона;2012
['США'];['Бен Кетай'];['триллер', 'фильм ужасов'];4.3;30 дней ночи: Тёмные времена;2010
['США'];['Дэвид Слейд'];['фильм о вампирах'];6.6;30 дней ночи;2007
['Россия'];['Леонид Андронов'];['драма', 'музыкальный фильм'];8.7;29 Километр;2012
[];['Ниа Дакоста'];['постапокалиптика', 'фильм ужасов'];;28 лет спустя. Часть II: Костяной храм;2026
['Франция', 'Германия', 'США'];['Брюно Дюмон'];['драма', 'роуд-муви'];5.1;29 пальм;2003
['США'];['Джордж Галло'];['комедия', 'драма'];7.1;29-я улица;1991
['Великобритания', 'США', 'Испания'];['Хуан Карлос Фреснадильо'];['постапокалиптический', 'фильм ужасов'];6.9;28 недель спустя;2007
['Великобритания'];['Дэнни Бойл'];['постапокалиптический', 'фильм ужасов', 'Музыка к фильму'];7.5;28 дней спустя;2003
['Россия', 'Чехия', 'Нидерланды'];['Иван Качалин'];['документальный'];6.8;27 Секунд памяти;2019
['США'];['Энн Флетчер'];['романтическая комедия'];6.1;27 свадеб;2008
['Грузия', 'Франция', 'Германия', 'Россия'];['Нана Джорджадзе'];['комедия', 'драма', 'мелодрама'];6.6;27 украденных поцелуев;2000
['Великобритания', 'США'];['Дэнни Бойл'];['постапокалиптический', 'фильм ужасов'];;28 лет спустя;2025
['США'];['Бетти Томас'];['драма', 'комедия'];6.1;28 дней;2000
['США'];['Уильям Эшер'];['научная фантастика'];6.1;27-й день;1957
['СССР'];['Алоиз Бренч', 'Ростислав Горяев'];['детективный фильм', 'драма'];5.9;24-25 не возвращается;1968
['США'];['Спайк Ли'];['криминальный фильм', 'драма'];7.6;25-й час;2002
['Уругвай'];['Хуан Пабло Ребелья', 'Пабло Столь'];['Комедийная драма'];7.1;25 ватт;2001
['ЮАР', 'США', 'США'];['Джон Кассар'];['боевик', 'драматический фильм', 'Музыка к фильму'];7.4;24 часа: Искупление;2008
['Россия'];['Александр Атанесян'];['боевик', 'драма'];6.0;24 часа;2000
['США'];['Нэнси Савока'];['комедия'];5.3;24 часа из жизни женщины;1999
['Германия'];['Анна Зора Берашед'];['драматический фильм'];7.1;24 недели;2016
['США', 'Германия'];['Луис Мандоки'];['триллер'];6.1;24 часа;2002
['Германия'];['Ганс-Христиан Шмидт'];['триллер', 'драма'];7.2;23 - Всё не то, чем кажется;1998
['Иран', 'Франция'];['Аббас Киаростами'];['драматический фильм'];6.8;24 кадра;2017
['Россия'];['Борис Галкин'];['драма'];5.5;22 июня, ровно в 4 часа…;1992
['Франция'];['Ришар Берри'];['триллер', 'детектив'];6.6;22 пули: Бессмертный;2010
['Россия'];['Василий Сериков'];['боевик'];5.3;22 минуты;2014
['США'];['Питер Берг'];['боевик', 'триллер'];6.1;22 мили;2018
['Франция'];['Арно Ларье', 'Жан-Мари Ларье'];['комедия'];6.2;21 ночь с Патти;2015
['США'];['Брайан Кирк'];['драма', 'триллер', 'детектив'];6.6;21 мост;2019
['США'];['Джон Лукас', 'Скотт Мур'];['комедия'];5.8;21 и больше;2013
['Россия'];['Александр Горновский'];['драма', 'комедия'];5.3;20 сигарет;2007
['США'];['Алехандро Гонсалес Иньярриту'];['драма'];7.6;21 грамм;2003
['США'];['Пол Гринграсс'];['Драма'];6.8;22 июля;2018
['США', 'Италия', 'ФРГ'];['Натан Юран'];['научно-фантастический фильм', 'фильм о монстрах', 'фильм-катастрофа', 'приключенческий фильм', 'фэнтезийный фильм', 'фильм-триллер', 'фильм ужасов'];6.3;20 миллионов миль до Земли;1957
['Испания'];['Эстибалис Урресола Солагурен'];['драматический фильм', 'ЛГБТ-фильм'];7.0;20 тысяч разновидностей пчёл;2023
['Испания', 'Франция'];['Рамон Саласар'];['комедия', 'мюзикл'];6.6;20 сантиметров;2005
['СССР'];['Григорий Никулин'];['исторический фильм'];6.4;20-е декабря;1981
['Украина'];['Мстислав Чернов'];['документальный фильм', 'военный фильм'];8.5;20 дней в Мариуполе;2023
['США'];['Род Харди'];['криминальный фильм', 'драма', 'триллер'];5.6;20 000 лье под водой;1997
['США'];['Майкл Кёртис'];['Криминальная мелодрама', 'Тюремная драма'];6.8;20 000 лет в Синг-Синге;1932
['США'];['Ричард Флейшер'];['драма', 'стимпанк', 'приключенческий фильм'];7.2;20 000 лье под водой;1954
['Великобритания'];['Айан Форсайт', 'Джейн Поллард'];['документальный', 'музыкальный'];7.4;20 000 дней на Земле;2014
['Россия'];['Андрес Пуустусмаа'];['исторический', 'детектив', 'приключение'];6.0;18-14;2007
['США'];['Тамара Олсон'];['комедия'];2.9;18-летняя девственница;2008
['США'];['Стюарт Патон'];['фантастика'];6.1;20 000 лье под водой;1916
['Республика Корея'];['Ким Джи Хун'];['боевик', 'драма', 'военный', 'история'];6.9;18 мая Великолепный отпуск;2007
['Казахстан'];['Фархат Шарипов'];['драма'];6.7;18 килогерц;2020
['США'];['Питер Делуиз'];['подростковая', 'фэнтезийная комедия'];5.4;16 желаний;2010
['Франция'];['Дельфин Кулин', 'Мюриэль Кулин'];['драма'];6.0;«17 девушек»;2011
['Гонконг', 'Китайская Республика'];['Джозеф Го'];['боевик', 'драма'];6.3;18 бронзовых бойцов;1975
['Франция'];['Патрик Алессандрен'];['комедия'];5.6;15 августа;2001
['США'];['Ричард Доннер'];['криминальный фильм', 'драма', 'триллер'];6.6;16 кварталов;2006
['Россия'];['Андрей Зайцев'];['мелодрама'];3.2;14+: Продолжение;2023
['Гонконг'];['Чэн Ган', 'Дун Шаоюн'];['приключенческий фильм', 'драма', 'военный фильм'];6.6;14 амазонок;1972
['США'];['Джон Херцфелд'];['Криминальная драма', 'боевик'];6.1;15 минут славы;2001
['Россия'];[];['документальный'];;13 друзей хунты;2014
['Россия'];['Джеф Агаев'];['Музыкальная драма'];;12 этажей спустя;2024
['Гонконг', 'Китай'];['Дэниел Ли'];['боевик', 'триллер'];6.3;14 клинков;2010
['США'];['Мэл Хаус'];['ужасы'];2.3;13-я жертва Колдовство 13: Кровь избранных;2008
['Чехословакия'];['Мартин Фрич'];['криминальный фильм', 'драма', 'экранизация'];6.9;13-й участок;1946
['Франция'];['Патрик Алессандрен', 'фр', 'Patrick Alessandrin'];['боевик'];6.5;13-й район: Ультиматум;2009
['Россия'];['Андрей Зайцев'];['мелодрама'];6.9;14+;2015
['Франция'];['Рене Клер'];['комедия'];7.0;14 июля;1933
['Франция'];['Пьер Морель'];['боевик'];7.1;13-й район;2004
['Франция', 'Канада', 'США'];['Камиль Деламарр'];['боевик'];5.6;13-й район: Кирпичные особняки;2014
['Великобритания'];['Джонти Эктон', 'Адам Мэйсон'];['Ужасы'];3.0;13-й знак;2000
['СССР'];['Сурен Бабаян'];['фантастический фильм'];5.7;Тринадцатый апостол;1988
['США'];['Майкл Бэй'];['военный', 'драма', 'триллер'];7.3;13 часов: Тайные солдаты Бенгази;2016
['Япония'];['Такаси Миикэ'];['боевик'];7.5;13 убийц;2010
['Нацистская Германия'];['Эмерих Йозеф Войтек'];['Комедия'];6.9;13 стульев;1938
['США'];['Уильям Касл'];['фильм ужасов'];6.0;13 призраков;1960
[];['Хакобо Мартинес'];['фильм ужасов'];4.4;13 изгнаний дьявола;2022
['США'];['Даниэль Штамм'];['триллер', 'фильм ужасов'];6.3;13 грехов;2014
['Румыния'];['Корнелиу Порумбою'];['комедия'];7.3;12:08 к востоку от Бухареста;2006
['Франция'];['Клод Лелуш', 'Жиль Ги', 'Франсуа Рейшенбах'];['документальный фильм', 'спортивный фильм'];6.7;13 дней во Франции;1968
['США'];['Роэль Рейн'];['боевик', 'триллер'];5.3;12 раундов: Перезагрузка;2013
['СССР'];['Марк Захаров'];['комедия', 'мюзикл', 'мелодрама'];8.2;Двенадцать стульев;1976
['США'];['Ренни Харлин'];['боевик', 'триллер', 'криминал'];5.6;12 раундов;2009
['Россия'];['Александр Баршак'];['романтическая', 'фэнтезийная комедия'];4.2;12 месяцев;2013
['СССР'];['Александр Белинский'];['телеспектакль'];6.9;12 стульев;1966
['СССР'];['Климентий Минц'];['комедия', 'сказка'];5.5;12 могил Ходжи Насреддина;1966
['СССР'];['Леонид Гайдай'];['комедия'];8.2;12 стульев  Внешние видеофайлы;1971
['Россия'];['Денис Елеонский'];['фильм-сказка', 'комедия', 'мелодрама', 'семейный фильм'];5.0;12 месяцев. Новая сказка;2015
['США'];['Терри Гиллиам'];['фантастика', 'триллер', 'драма', 'антиутопия'];8.0;12 обезьян;1995
['ЮАР'];['Джек Шолдер'];['ужасы', 'триллер', 'драма'];5.5;12 дней террора;2004
['США'];['Стив Маккуин'];['историческая', 'драма'];8.1;12 лет рабства;2013
['США'];['Уильям Фридкин'];['процессуальная драма'];7.8;12 разгневанных мужчин;
['США'];['Сидни Люмет'];['юридическая', 'драма'];9.0;12 разгневанных мужчин;1957
['США', 'Испания'];['Даррен Линн Боусман'];['фильм ужасов о сверхъестественном'];3.9;11-11-11;2011
['США', 'Канада'];['Грег Маркс'];['триллер', 'детектив', 'криминал', 'чёрная комедия'];7.1;11:14;2003
['Россия'];['Никита Михалков'];['психологический', 'триллер', 'юридический', 'детектив', 'драма', 'артхаус'];7.5;«12»;2007
['Франция'];['Филипп Годо'];['драма', 'Саундтрек'];5.7;11.6;2013
['Иран', 'Франция', 'Египет', 'Босния и Герцеговина', 'Буркина-Фасо', 'Великобритания', 'Мексика', 'Израиль', 'Индия', 'США', 'Япония'];['Самира Махмальбаф', 'Клод Лелуш', 'Юсеф Шахин', 'Данис Танович', 'Идрисса Уэдраого', 'Кен Лоуч', 'Алехандро Гонсалес Инарриту', 'Амос Гитай', 'Мира Наир', 'Шон Пенн', 'Сёхэй Имамура'];['драма', 'исторический', 'киноальманах'];6.8;11 сентября;2002
['США'];['Мартин Гиги'];['драма', 'фильм-катастрофа'];4.5;9/11;2017
['США', 'США'];['Хантер Уикс'];['Документальное кино'];6.6;10 миль в час;2007
['США'];['Брэд Силберлинг'];['комедийная драма'];6.5;10 шагов к успеху;2006
['США'];['Джил Джангер'];['романтическая комедия'];7.3;10 причин моей ненависти;1999
['США'];['Джеми Линден'];['драма', 'романтическая комедия'];6.1;10 лет спустя;2011
['Великобритания', 'США'];['Сьюзи Юинг'];['психологический триллер'];5.1;10 на 10;2018
['ЮАР', 'США'];['Роланд Эммерих'];['приключенческий боевик'];5.1;10 000 лет до нашей эры;2008
['Россия', 'Украина'];['Фёдор Бондарчук'];['военно', '-', 'исторический', 'боевик', 'драма'];7.1;9 рота;2005
['Россия'];['Авдотья Смирнова', 'Александр Котт', 'Владимир Котт', 'Евгений Лаврентьев', 'Карен Оганесян', 'Максим Пежемский', 'Егор Кончаловский', 'Василий Чигинский'];['Телеальманах'];6.3;9 мая. Личное отношение;2010
['Россия'];['Олег Штром'];['биография драма'];4.5;9 секунд;2024
['Франция'];['Альбер Дюпонтель'];['комедия'];6.4;9 месяцев строгого режима;2013
['Великобритания'];['Майкл Уинтерботтом'];['драма', 'мелодрама', 'музыкальный фильм', 'эротика'];4.8;9 песен;2004
['США'];['Эмметт Олстон'];['боевик'];3.9;9 смертей ниндзя;1985
['Япония'];['Тосиаки Тоёда'];['фильм-драма'];7.1;9 душ;2003
['Великобритания'];['Лаб Ки Мо'];['драма', 'комедия'];6.2;9 мёртвых геев;2002
['Испания'];['Перис Романо Родриго Сорогойен'];['Романтическая кинокомедия'];6.0;8 свиданий;2008
['Дания'];['Рони Эзра'];['Военный драма'];6.6;9 апреля;2015
['Франция', 'Италия'];['Франсуа Озон'];['мюзикл', 'комедия', 'детектив'];7.0;8 женщин;2002
['США'];['Гэри Росс'];['кинокомедия', 'криминальный фильм'];6.3;8 подруг Оушена;2018
['США'];['Майкл Даус'];['комедия'];6.7;8-битное Рождество;2021
['Россия'];['Григорий Константинопольский'];['комедийный фильм'];6.4;8 ½ $;1999
['Испания'];['Начо Вигалондо'];['короткометражный', 'музыкальный'];7.3;7:35 утра;2010
['Россия', 'Украина'];['Марюс Вайсберг'];['комедия', 'мелодрама'];3.9;8 лучших свиданий;2016
['Великобритания', 'США'];['Сэм Мендес'];['шпионский фильм'];6.8;007: Спектр;2015
['Парагвай'];['Хуан Карлос Манелья', 'Тана Шембори'];['триллер', 'криминал'];7.1;7 ящиков;2012
['Россия'];['Владимир Потапов'];['боевик', 'драма'];5.6;Ноль-седьмой меняет курс;2007
['Россия', 'Украина'];['Дэвид Додсон', 'Александр Маляревский'];['мелодрама', 'комедия'];6.0;8 первых свиданий;2012
['Казахстан'];['Аскар Узабаев'];['комедийный фильм'];;5 причин не влюбиться в казаха;2017
['США', 'Германия'];['Джоэл Шумахер'];['триллер', 'криминал'];6.6;8 миллиметров;1999
['США'];['Джон Форд'];['драма'];6.7;7 женщин;1966
['Великобритания'];['Саймон Кёртис'];['драма', 'биография'];6.9;7 дней и ночей с Мэрилин;2011
['США', 'Германия', 'Чехия'];['Себастьян Ниман'];['драма', 'фильм ужасов', 'триллер'];5.1;7 дней до смерти;2000
['Россия'];['Вадим Соколовский'];['комедия', 'мелодрама'];1.5;7 главных желаний;2013
['США', 'Румыния', 'Швейцария', 'Великобритания'];['Саймон Феллоуз'];['боевик'];4.8;7 секунд;2005
['США'];['Роджер Споттисвуд'];['киберпанк'];5.9;6-й день;2000
['Россия'];['Айк Кбеян'];['семейное кино'];5.7;7 дней, 7 ночей;2024
['Франция'];['Франсуа Озон'];['мелодрама', 'драма'];6.6;5×2;2004
['Великобритания', 'США'];['Сэм Мендес'];['шпионский фильм'];7.8;007: Координаты «Скайфолл»;2012
['Украина'];['Алиса Павловская'];['драма', 'триллер', 'биография'];7.4;5 терапия;2017
['Великобритания', 'Новая Зеландия'];['Тоа Фрейзер'];['боевик', 'триллер'];6.2;6 дней;2017
['Великобритания'];['Ноэль Кларк'];['триллер', 'электро-хаус', 'соул', 'RnB', 'хип-хоп', 'грайм'];5.8;4.3.2.1;2010
['Израиль', 'ПНА', 'Франция', 'Нидерланды'];['Эмад Бурнат Гай Давиди'];['документальный фильм'];7.9;5 разбитых камер;2011
['США', 'Грузия'];['Ренни Харлин'];['военный', 'боевик', 'пропагандистский фильм'];5.5;5 дней в августе;2011
['США'];['Симон Бранд'];['триллер'];6.4;5 неизвестных...;2006
['США'];['Спайк Ли'];['Исторический документальный'];7.8;4 маленькие девочки;1997
['Германия', 'Украина', 'Россия'];['Ахим фон Боррис'];['военная', 'драма', 'боевик'];6.4;4 дня в мае;2011
['СССР'];['Борис Эпштейн'];['игровое кино'];;Чудотворец из Бирюлёва;1958
['СССР'];['Илья Гутман', 'Иосиф Пастернак'];['документальный', 'спорт'];;«Спартак»: действующие лица… и болельщики;1985
['США'];['Дж Блэйксон'];['постапокалиптика', 'научная фантастика'];5.2;5-я волна;2016
['СССР'];['Радомир Василевский'];['комедия'];6.9;4:0 в пользу Танечки;1982
['Румыния'];['Кристиан Мунджиу'];['психологическая', 'драма'];7.9;4 месяца, 3 недели и 2 дня;2007
['Финляндия', 'Норвегия', 'Швеция', 'Дания'];['Рольф Клеменс Палле Кьерулф-Шмидт Мауну Куркваара'];['драма комедия'];6.9;4 x 4;1965
['Украина'];['Иван Гаврилюк', 'Сайдо Курбанов'];['детектив'];5.1;4 листа фанеры;1992
['США'];['Абель Феррара'];['драма', 'фантастика'];4.6;4:44. Последний день на Земле;2011
['Россия'];['Александр Андреев'];['трагикомедия'];4.7;5 недель;2021
['Великобритания'];['Питер Гринуэй'];['документальный', 'музыкальный'];7.4;4 американских композитора;1983
['США'];['Рассел Малкэхи'];['биографическая', 'спортивная', 'драма'];6.7;3: История Дейла Эрнхардта;2004
['Россия', 'Нидерланды'];['Илья Хржановский'];['драма'];6.5;Четыре;2004
['США'];['Гэбриэль Коуэн'];['драма'];4.5;3 ночи в пустыне;2014
['СССР'];['Аркадий Кольцатый', 'Валентин Перов'];['драма', 'приключения'];5.4;«SOS» над тайгой;1976
['США'];['Энтони Хайнс', 'Каспер Кристенсен'];['романтическая комедия', 'научно-фантастический фильм'];5.5;(Не)идеальные роботы;2023
['Франция'];['Стефан Бризе'];['драматический фильм'];6.5;(Не)бывшие;2024
['Армения', 'Франция', 'Россия'];['Арам Шахбазян'];[];8.0;«Москвич», любовь моя;2015
['Индия'];['Раджкумар Хирани'];['комедия', 'драма'];8.4;3 идиота;2009
['Великобритания'];['Питер Дэвисон'];['комедийный фильм', 'кинопародия'];8.5;(Почти) Пять Докторов: Перезагрузка;2013
['СССР'];['Вячеслав Винник'];['спортивный фильм'];2.7;…И прекрасный миг победы;1984
['СССР'];['Леонид Осыка'];['документально', '-', 'биографический фильм'];7.4;…которого любили все;1982
['Чехословакия'];['Яромил Йиреш'];['драма военный'];6.8;…и передайте привет ласточкам;1972
['Чехословакия'];['Збынек Брыных'];['драма военный арт-хаус'];7.2;…а пятый всадник – Страх;1965
['Индонезия'];['Ханун Брамантйо'];['драматический фильм'];7.0;?;2011
['США'];['Ирвин Виллат'];['мелодрама', 'приключения'];6.4;Авиапочта;1925
['СССР'];['Камиль Ярматов'];['Биографический фильм', 'исторический фильм'];6.2;Авиценна;1956
['США', 'Италия', 'Великобритания'];['Джозеф Сарджент'];['драма'];7.0;Авраам: Хранитель веры;1994
['Израиль'];['Шеми Зархин'];['драматический фильм'];7.2;Авива, любовь моя;2006
['США', 'Германия'];['Мартин Скорсезе'];['фильм-биография', 'драма'];7.5;Авиатор;2004
['Польша'];['Януш Насфетер'];['психологическая', 'драма'];7.0;Авель, твой брат;1970
['Украина'];['Людмила Ефименко'];['драма', 'мелодрама'];7.4;Аве Мария;1999
['СССР'];['Александр Муратов'];['киноповесть', 'драма', 'социальная драма'];6.3;Авдотья Павловна;1966
['США'];['Энтони Майкл Холл'];['комедия'];3.2;Аве Цезарь;1994
['США'];['Линдсей Андерсон'];['драма'];7.1;Августовские киты;1987
['Россия'];['Джаник Файзиев'];['военный', 'боевик', 'драма'];5.6;Август. Восьмого;2012
['Япония'];['Акира Куросава'];['драма'];7.2;Августовская рапсодия;1991
['США'];['Джеймс Кэмерон'];['эпический фильм', 'научная фантастика', 'боевик', 'приключения'];7.5;«Аватар: Путь воды»  Внешние видеофайлы;2022
['США'];['Джон Уэллс'];['драма'];7.2;Август: Графство Осейдж;2013
['США'];['Кирстен Шеридан'];['драма', 'мелодрама'];7.4;Август Раш;2007
['Япония'];['Сацуо Ямамото'];['драма', 'триллер'];6.7;Август без императора;1978
['Польша'];['Януш Маевский'];['фантастика', 'драма'];6.8;Аватар, или Замена душ;1964
['США'];['Джеймс Кэмерон'];['эпический фильм', 'научная фантастика', 'боевик', 'приключения', 'фэнтези'];;Аватар: Огонь и пепел;2025
['США'];['Джеймс Кэмерон'];['эпический фильм', 'научная фантастика', 'боевик', 'приключения', 'фэнтези'];;Аватар 4;2029
['Италия'];['Кармине Галлоне'];['мистическая', 'драма'];7.2;Аватар;1916
['Великобритания'];['Энтони Хопкинс'];['комедия', 'драма'];5.8;Август;1996
['США'];['Чарльз Бэнд'];['Ужасы'];4.8;Авария!;1976
['Румыния'];['Серджиу Николаеску'];['боевик'];6.7;Авария (Несчастный случай);1976
['США'];['Джонатан Мостоу'];['триллер'];7.0;Авария;1997
['ЮАР', 'США', 'Заир'];['Джеймс Аллен'];['детектив'];3.6;Авария;1990
['СССР'];['Витаутас Жалакявичюс'];['детектив', 'драма'];6.6;Авария;1974
['США', 'Великобритания'];['Джеймс Кэмерон'];['эпический фильм', 'научная фантастика', 'боевик', 'драма', 'приключения'];7.9;Аватар;2009
['Польша'];['Роман Залуски'];['комедия'];6.7;Аварийный выход;1982
['СССР'];['Александр Абрамов', 'Наум Бирман'];['Детектив'];6.8;Авария;1965
['СССР'];['Михаил Туманишвили'];['драма'];6.6;Авария — дочь мента;1989
['Россия'];['Константин Буслов'];['приключения'];4.1;Авантюристы;2014
['Франция'];['Анри Вернёй'];['драма', 'комедия', 'боевик', 'военный', 'приключения'];6.1;Авантюристы;1984
['Китайская Республика'];['Чжан Пэйчэн'];['военная', 'драма', 'приключенческий фильм'];;Авантюрист;1976
['США'];['Дэвид Уорк Гриффит'];['короткометражный фильм'];5.1;Авантюра леди Хелен;1909
['Великобритания'];['Дэвид Макдональд'];['приключенческий фильм'];5.5;Авантюристы;1951
['США', 'Италия'];['Билли Уайлдер'];['комедия'];7.2;Аванти!;1972
['Китай'];['Стэнли Тонг'];['боевик', 'криминал комедия'];4.7;Авангард: Арктические волки;2020
['Россия', 'Украина'];['Виталий Макаров'];['комедия шпионский фильм'];4.2;Авантюра;1995
['Узбекистан'];['Музаффархон Эркинов'];['история', 'биография'];;Абдулла Арипов;2023
['США'];['Барри Левинсон'];['драма'];7.2;Авалон;1990
['Россия'];['Баранов Егор Геннадьевич'];['фильм-триллер', 'постапокалиптический фильм', 'научно-фантастический фильм'];6.0;Аванпост;2019
['Германия', 'Азербайджан'];['Файт Хельмер'];['Комедия'];6.7;Абсурдистан;2008
['Великобритания', 'Австралия'];['Джулиен Темпл'];['драма', 'фэнтези', 'мелодрама', 'мюзикл'];5.6;Абсолютные новички;1986
['СР Югославия'];['Срджан Голубович'];['криминал', 'драма', 'боевик', 'триллер'];7.5;Абсолютная сотня;2001
['СССР'];['Шухрат Аббасов'];['драма'];6.5;Абу Райхан Беруни;1974
['Япония', 'Польша'];['Мамору Осии'];['фантастика', 'триллер', 'драма', 'киберпанк'];6.4;Авалон;2001
['Франция'];['Леа Мисиус'];['драма'];6.6;Ава;2017
['США'];['Дэмьен Ли'];['боевик'];2.9;Абраксас, хранитель Вселенной;1991
['Армения'];['Пуриа Хейдари Урех'];['драма', 'мелодрама'];7.6;Абрикосовые рощи;2016
['Великобритания', 'Канада'];['Дэвид Барто'];['фантастический боевик'];4.2;Абсолон;2003
['США'];['Трейси Дроз Трагос'];['документальный фильм'];7.2;Аборт: Истории, рассказанные женщинами;2016
['СССР'];['Елена Николаева'];['Драма'];7.0;Абориген;1988
['США'];['Клинт Иствуд'];['драма', 'триллер'];6.7;Абсолютная власть;1997
['США'];['Даниэль Рагуссис'];['драма', 'триллер', 'детектив'];6.5;Абсолютная власть;2016
['СССР'];['Алексей Мишурин'];['Драма'];6.1;Абитуриентка;1973
['СССР'];['Зульфикар Мусаков'];['фантастический фильм', 'комедия'];7.1;Абдулладжан, или Посвящается Стивену Спилбергу;1991
['Грузия'];['Леонард Эсакия'];['опера', 'драма', 'романтика'];7.5;Абесалом и Этери;1966
['Нидерланды'];['Алекс ван Вармердам'];['комедия'];7.4;Абель;1986
['Великобритания'];['Майкл Энглер'];['драма'];7.4;Аббатство Даунтон;2019
['Великобритания', 'США'];['Саймон Кёртис'];[];;Аббатство Даунтон 3;2025
['США'];['Даррен Линн Боусман'];['фильм ужасов'];4.5;Абатуар. Лабиринт страха;2016
['СССР'];['Владимир Довгань'];['драма'];6.1;А теперь суди…;1966
['Великобритания', 'США'];['Саймон Кёртис'];['историческая драма'];7.4;Аббатство Даунтон: Новая эра;2022
['Великобритания'];['Иан Макнафтон'];['комедия'];7.5;Монти Пайтон: а теперь нечто совсем другое;1971
['Китайская Республика'];['Цай Минлян'];['драма'];7.3;А у вас который час?;2001
['Индия'];['Атма Рам'];['криминальный триллер'];5.0;Аафат;1977
['Российская империя'];['Николай Козловский'];['драма'];;А защищал её Плевако;1916
['Россия'];['Иосиф Райхельгауз'];['комедия', 'мюзикл'];6.7;«А чой-то ты во фраке?»;1993
['СССР'];['Владимир Шамшурин'];['военная драма'];6.7;А у нас была тишина...;1977
['Россия'];['Сергей Никоненко'];['комедия', 'драма'];6.0;А поутру они проснулись;2003
['СССР', 'Таджикская ССР'];['Маргарита Касымова'];['мелодрама'];4.0;А счастье рядом;1978
['Гонконг'];['Хэ Мэнхуа'];['боевик', 'приключенческий фильм'];6.4;Аббат Шаолиня;1979
['Франция', 'Великобритания'];['Клод Лелуш'];['криминальный фильм', 'драма', 'мелодрама', 'триллер'];6.1;А теперь, дамы и господа;2002
['Грузия', 'Франция', 'Швеция'];['Леван Акин'];['драма'];7.6;А потом мы танцевали;2019
['Россия'];['Ренат Давлетьяров'];['драма', 'военный'];6.7;А зори здесь тихие…;2015
['СССР'];['Станислав Ростоцкий'];['драма', 'военный', 'экранизация'];8.1;…А зори здесь тихие;1972
['СССР', 'Болгария'];['Нинель Ненова-Цулая', 'Гено Цулая'];['комедия'];5.1;А ну-ка, дедушки!;1981
['Великобритания', 'Италия'];['Николас Роуг'];['мистический триллер'];7.1;А теперь не смотри;1973
['США'];['Фрэнк Оз'];['комедия'];7.0;А как же Боб?;1991
['Гонконг'];['Аллен Фон'];['драма'];6.9;А Йинг;1983
['США'];['Джонатан Демми'];['драма'];7.6;А кто я на этот раз?;1983
['СССР'];['Юлий Райзман'];['драма'];7.3;А если это любовь?;1961
['СССР'];['Игорь Усов'];['музыкальная комедия'];4.6;А вы любили когда-нибудь?;1973
[];['Юлия фон Хайнц'];['драма'];6.0;А завтра весь мир;2020
['Великобритания'];['Кен Эннакин'];['комедия', 'драма'];6.2;А вот и Хаггетты;1948
['СССР'];['Геннадий Полока'];['детективный фильм', 'комедия'];6.1;А был ли Каротин;1989
['СССР'];['Рубен Мурадян'];[];6.2;А пароходы гудят и уходят…;1972
['Великобритания'];['Дэвид Йейтс'];['комедия', 'драма', 'семейный фильм', 'фэнтези'];6.8;А вот и гости!;2003
['США'];['Джон Гамбург'];['комедия'];6.0;А вот и Полли;2004
['США', 'Австрия', 'Германия'];['Патрик Воллрат'];['Триллер', 'боевик'];6.3;7500;2019
['Великобритания', 'Ирландия', 'Франция'];['Дэмиен ОДоннелл'];['драма'];7.7;А в душе я танцую;2004
['США'];['Эллен Сидлер', 'Мэган Силер'];['Романтическая комедия'];4.0;А вот и Лола;2009
['США'];['Дэмиен Лихтенштайн'];['драма', 'комедия', 'криминал', 'триллер'];6.0;3000 миль до Грейслэнда;2001
['Япония'];['Такаси Ямадзаки'];['боевик', 'постапокалиптика', 'космическая опера', 'драма'];6.0;2199: Космическая одиссея;2010
['Германия'];['Шерри Хорман'];['драма'];6.5;«3096 дней»;2013
['США'];['Чендлер Таттл'];['Фантастика', 'Антиутопия'];6.9;2081;2009
['Австралия'];['Сет Ларни'];['научно-фантастический триллер'];4.9;2067: Петля времени;2020
['Великобритания'];['Хасраф Дулулл'];['научная фантастика'];4.3;2036: Происхождение неизвестно;2018
['США'];['Люк Скотт'];['антиутопический фильм', 'научно-фантастический фильм', 'киберпанк'];6.9;2036: Nexus Dawn;2017
['Китай', 'Гонконг'];['Вонг Карвай'];['драма', 'мелодрама', 'фантастика'];7.4;2046;2004
['Германия'];['Йорг Людорф'];['фантастика', 'драма'];5.5;2030 — Восстание молодых немцев;2011
['Франция', 'Италия'];['Сержо Мартино'];['боевик', 'фильм ужасов', 'фантастика', 'постапокалиптика'];5.5;2019: После падения Нью-Йорка;1983
['США'];['Принстон Холт'];['научная фантастика', 'драма'];3.8;2050;2018
['США'];['Трэвис Форт'];['научно-фантастический', 'фильм-катастрофа'];2.2;2012: Ледниковый период;2011
['Южная Корея', 'Япония'];['Ли Щи-мён'];['Альтернативная история', 'Фантастический', 'боевик', 'Триллер'];6.1;2009: Утраченные воспоминания;2002
['США'];['Тим Салливан'];['комедия', 'фильм ужасов'];3.1;2001 маньяк: Территория криков;2010
['Россия'];['Александр Велединский'];['драматический фильм'];6.2;1993;2023
['США'];['Роланд Эммерих'];['научно-фантастический', 'фильм-катастрофа'];5.8;2012;2009
['США'];['Тим Салливан'];['комедия ужасов'];5.3;2001 маньяк;2005
['США'];['Дэвид Марки'];['документальный'];7.3;1991: Год прорыва панка;1992
['Италия'];['Энцо Г Кастеллари'];['боевик', 'антиутопия'];5.2;1990: Воины Бронкса;1982
['Россия'];['Павел Тупик'];['документальный', 'драма'];;1812;2012
['Финляндия', 'Россия'];['Диана Ринго'];['антиутопия'];6.0;1984;2023
['Великобритания'];['Майкл Рэдфорд'];['антиутопия'];7.0;1984;1984
['США'];['Ридли Скотт'];['Реклама'];7.8;«1984»;1984
['Великобритания'];['Майкл Андерсон'];['антиутопия', 'драма', 'фантастика'];6.9;1984;1956
['Эстония', 'Финляндия'];['Эльмо Нюганен'];['военный фильм', 'драма'];7.0;1944;2015
['США'];['Джоанна Гамильтон'];['документалистика'];7.3;1971;2014
['США'];['Стивен Спилберг'];['военная', 'комедия'];5.8;1941;1979
['СССР'];['Мукадас Махмудов'];['музыкальный фильм'];;1002-ая ночь («Как Шахрияр женился на Шехеразаде»);1964
['Россия'];['Константин Буслов'];['биография', 'мелодрама'];5.7;1941. Крылья над Берлином;2022
['Великобритания', 'США'];['Сэм Мендес'];['военная', 'драма'];8.2;1917;2019
['Швеция'];['Йоран Кармбак'];['драма'];6.1;1939;1989
['Великобритания'];['Стивен Поляков'];['драма'];6.4;1939;2009
['США'];['Зак Хилдитч'];['криминальная драма', 'триллер'];6.2;1922;2017
['Италия'];['Алессандро Блазетти'];['Драма'];6.6;1860;1934
['Россия'];['Арсений Гончуков'];['драма'];6.1;1210;2012
['Россия'];['Олег Фесенко'];['приключенческий', 'исторический'];2.5;1812: Уланская баллада;2012
['Россия'];['Владимир Хотиненко'];['Приключенческий фильм'];5.6;1612;2007
['Российская империя'];['Василий Гончаров', 'Кай Ганзен', 'Александр Уральский'];['драма', 'исторический'];5.6;1812 год;1912
['Австралия'];['Джош Рейд'];['драма'];5.4;1500 шагов;2014
['США'];['Микаэль Хофстрём'];['психологические ужасы', 'триллер', 'мистика', 'психоделика', 'драма'];6.8;1408;2007
['Россия'];['Николай Хомерики'];['фантастика', 'драма'];5.6;977;2006
['Венгрия'];['Петер Шоош'];[];;1242: Врата на Запад;2023
['США'];['Эван Джексон Леонг'];['документальный'];8.6;1040;2010
['Испания'];['Алекс Де Ла Иглесиа'];['драма'];6.3;800 пуль;2002
['СССР'];['Валерий Соловцов'];['документальный', 'пропагандистский'];;900 незабываемых дней;1964
['США', 'Франция', 'Испания', 'Великобритания'];['Ридли Скотт'];['драма', 'исторический'];6.4;1492: Завоевание рая;1992
['Нидерланды'];['Джессика Гортер'];['документальный'];7.3;900 дней.  Миф и реальность Ленинградской блокады;2011
['СССР'];['Григорий Никулин'];['драма', 'триллер', 'приключение', 'фильм-катастрофа'];5.7;713-й просит посадку;1962
['Перу', 'США'];['Луис Льоса'];['приключения'];4.4;800 льё вниз по Амазонке;1993
['США'];['Марк Уэбб'];['романтическая', 'комедийная драма'];7.7;500 дней лета;2009
['Франция', 'Великобритания'];['Франсуа Трюффо'];['антиутопия'];7.2;451° по Фаренгейту;1966
['Республика Корея'];['Пак Чхоль Су'];['триллер', 'фильм ужасов', 'детектив'];6.4;301, 302;1995
['США'];['Джозеф М Ньюман'];['Фильм нуар'];6.8;711 Оушен Драйв;1950
['Мексика'];['Габриэль Рипштейн'];['драматический фильм'];5.5;600 миль;2015
['Франция', 'Испания'];['Пьер Шёндёрффер'];['военный фильм', 'драматический фильм'];7.3;317-й взвод;1964
['Узбекистан'];['Акром Шахназаров'];['биография'];;101 Рейс;2022
['США'];['Рамин Бахрани'];['драматический фильм', 'научно-фантастический фильм', 'экранизация романа'];5.0;451 градус по Фаренгейту;2018
['США', 'Грузия'];['Леван Бакха'];['фильм ужасов'];4.8;247 градусов по Фаренгейту;2011
['Польша'];['Барбара Бяловонс', 'Томаш Мандес'];['эротическая комедия'];3.3;365 дней;2020
[];['Ainara Aparici'];['документальный фильм'];7.4;130 детей;2022
['США'];['Кевин Рейнольдс'];['драма', 'триллер'];6.6;187;1997
['США'];['Ноам Мурро'];['эпический', 'исторический', 'боевик'];6.2;300 спартанцев: Расцвет империи;2014
['США'];['Зак Снайдер'];['эпический', 'исторический', 'боевик'];7.6;300 спартанцев;2006
['США'];['Риза Брэмон Гарсия'];['комедия', 'драма', 'мелодрама'];6.0;200 сигарет;1999
['США', 'Великобритания'];['Дэнни Бойл'];['драма', 'триллер'];7.5;127 часов;2010
['Россия'];['Леонид Марягин'];['драма'];6.8;101-й километр;2001
['США', 'Франция', 'Великобритания'];['Макс Джозеф'];['музыкальная драма'];6.2;128 ударов сердца в минуту;2015
['Франция'];['Робен Кампийо'];['драматический фильм', 'ЛГБТ-фильм'];7.4;120 ударов в минуту;2017
['США'];['Кевин Лима'];['комедия'];4.8;102 далматинца;2000
['США'];['Стивен Херек'];['семейный фильм', 'комедия', 'приключенческий фильм'];5.8;101 далматинец;1996
['США'];['Эрик Ред'];['триллер'];5.4;100 футов;2008
['Франция'];['Роберт Родригес'];['Научная фантастика'];;100 лет;2015
['Япония'];['Дзюнъя Сато'];['фильм-катастрофа'];6.8;109-й идёт без остановок;1975
['Исландия', 'Дания', 'Норвегия', 'Франция'];['Балтазар Кормакур'];['романтическая комедия'];6.8;101 Рейкьявик;2000
['Испания', 'Португалия'];['Марсель Баррена'];['драма', 'комедия'];7.5;100 метров;2016
['Франция'];['Оливье Барру'];['комедия'];5.4;100 миллионов евро;2011
['США'];['Маркус Кох'];['фильм ужасов'];4.2;100 слёз;2007
['США'];['Мэтью Хаффман'];['Комедия'];5.7;100 проблем и девушка;2000
['Германия'];['Флориан Давид Фиц'];['комедийный фильм'];6.3;100 вещей и ничего лишнего;2018
['Италия', 'Испания', 'ФРГ'];['Витторио Коттафави'];['исторический фильм', 'приключенческий фильм'];6.3;100 всадников;1964
['Республика Корея'];['Шин Джэ-хо'];['романтическая кинокомедия', 'мелодрама'];6.0;100 дней с Мистером Высокомерие;2004
['Россия'];['Никита Михалков'];['документальный фильм'];;55;2007
['США'];['Майкл Дэвис'];['комедия'];5.8;100 девчонок и одна в лифте;2000
[];['Питер Гринуэй'];['документальный фильм'];7.2;92 ядерных взрыва на планете Земля;2010
['Венгрия'];['Майкл Кёртис'];['криминальный фильм'];4.4;99;1918
['Франция'];['Ян Кунен'];['комедия', 'драма'];7.1;99 франков;2007
['США'];['Майкл Полиш'];['драма'];4.9;90 минут на небесах;2015
['США', 'Канада', 'Германия'];['Джон Эвнет'];['триллер'];5.9;88 минут;2007
['США'];['Рамин Бахрани'];['драматический фильм'];7.1;99 домов;2014
['Великобритания', 'Италия', 'Испания', 'ФРГ', 'Лихтенштейн'];['Хесус Франко'];['драма', 'триллер', 'фильм ужасов'];4.6;99 женщин;1969
['Россия'];['Кира Ангелина'];['военный', 'драма'];5.9;72 часа;2015
['Республика Корея'];['Ли Джэ Хан'];['боевик', 'драма', 'военный фильм'];7.2;71: В огне;2010
['Польша'];['Вальдемар Кшистек'];['драма', 'боевик', 'исторический фильм'];6.6;80 миллионов;2011
['Россия'];['Владимир Хотиненко'];['фильм-катастрофа', 'драма', 'трагикомедия'];6.5;72 метра;2004
['Австрия', 'Германия'];['Михаэль Ханеке'];['драма'];7.1;71 фрагмент хронологии случайностей;1994
['США'];['Скотт Бек', 'Брайан Вудс'];['научно-фантастический', 'остросюжетный боевик'];5.4;65;2023
['Великобритания'];['Ян Деманж'];['историческая', 'драма'];7.2;71;2014
['Таиланд'];['Пен-Ек Ратанаруанг'];['комедия', 'криминальный фильм'];7.2;69 (Шестьдесят девять);1999
['США'];['Джейсон Коннери'];['фантастика', 'фильм ужасов'];3.5;51;2011
[];[];[];6.6;50 ютуберов борются за $1,000,000 для своих подписчиков!;2024
['США'];['Николас Рэй'];['драма', 'исторический', 'военный'];6.7;55 дней в Пекине;1963
['США'];['Питер Сигал'];['романтическая комедия'];6.8;50 первых поцелуев;2004
['СССР'];['Генрих Габай'];['драма', 'приключения'];7.1;49 дней;1962
['США'];['Гари Леннон'];['драма'];5.5;45-й калибр;2006
['Великобритания'];['Эндрю Хэйг'];['драма'];7.1;45 лет;2015
['Новая Зеландия'];['Стюарт Мейн'];['драма'];5.8;50 оттенков голубого;2005
['США', 'Япония'];['Карл Ринш'];['фэнтези', 'боевик', 'драма'];6.2;47 ронинов;2013
['США'];['Харальд Цварт'];['комедия', 'пародия', 'боевик'];5.1;Агент Коди Бэнкс;2003
['США'];['Тео Эвгерино'];['Драма'];4.9;50 таблеток;2006
['Великобритания', 'Франция'];['Деклан Лоуни'];['комедия'];6.9;Алан Партридж: Альфа Отец;2013
['Аргентина'];['Анаи Бернери'];['драматический фильм'];6.2;Аланис;2017
['США'];['Виктор Шёстрём'];['драма'];7.6;Алая буква;1926
['США'];['Луис ДЭспозито'];['короткометражка', 'боевик', 'приключения', 'научная фантастика'];7.4;Агент Картер;2013
['США'];['Джозеф В Смайли', 'Джордж Лоан Такер'];['драматический фильм'];7.5;Алая буква;1911
['США'];['Берт Кеннеди'];['драма', 'боевик'];6.1;Штурмующие;1987
['СССР'];['Владимир Шамшурин'];['военный фильм'];6.0;Акция;1987
['США'];['Джон Ли Хэнкок'];['Драма', 'исторический фильм', 'военный фильм', 'вестерн'];6.1;Аламо;2004
['США'];['Гай Ричи'];['комедия', 'мюзикл', 'фэнтези', 'приключения', 'мелодрама'];6.9;Аладдин;2019
['СССР'];['Георгий Шенгелая'];['притча'];8.2;Алавердоба;1962
['США', 'Израиль', 'ЮАР'];['Боб Мисиоровски'];['боевик', 'фильм ужасов', 'триллер'];3.4;Акулы;1999
['США'];['Деклан ОБрайен'];['ужасы', 'фантастика', 'боевик', 'комедия'];3.3;Акулосьминог;2010
['США'];['Тим Бёртон'];['приключенческий фильм', 'комедия', 'семейный фильм', 'фэнтези'];6.5;Аладдин и его волшебная лампа;1986
['США'];['Энтони Ферранте'];['комедийный', 'научно-фантастический', 'фильм ужасов', 'фильм-катастрофа'];3.9;Акулий торнадо 4: Пробуждение;2016
['США'];['Энтони Ферранте'];['ужасы', 'комедия', 'фантастика', 'трэш'];4.0;Акулий торнадо 2: Второй по счёту;2014
['США'];['Энтони Ферранте'];['комедийный', 'научно-фантастический', 'фильм ужасов', 'фильм-катастрофа'];4.0;Акулий торнадо 3;2015
['Италия', 'Франция'];['Ламберто Бава'];['боевик', 'фильм ужасов', 'триллер'];2.8;Акула-монстр;1984
[];['Джеффри Скотт Ландо'];['Фантастика', 'комедия', 'Боевик', 'Триллер'];3.0;Акула-робот;2015
['США'];['Энтони Ферранте'];['комедийный', 'научно-фантастический', 'фильм ужасов', 'фильм-катастрофа'];3.9;Акулий торнадо 5: Глобальное роение;2017
['США'];['Энтони Ферранте'];['фильм-катастрофа', 'ужасы', 'фантастика', 'комедия'];3.3;Акулий торнадо;2013
['СР Румыния'];['Мирча Верою'];['вестерн'];7.3;Актриса и трансильванцы;1979
['Канада', 'США'];['Бретт Доноху'];['боевик', 'приключенческий фильм'];5.3;Акты насилия;2018
['СССР'];['Вирве Аруоя'];['драма'];6.2;Актер Йоллер;1960
['СССР'];['Леонид Трауберг'];['мелодрама', 'комедия', 'военный фильм'];7.0;Актриса;1942
['Республика Корея'];['Ли Джэ Ён'];['драматический фильм'];7.0;Актрисы;2009
['СССР'];['Леонид Пчёлкин'];['драматический фильм'];6.3;Активная зона;1979
['Россия'];['Александр Рогожкин'];['мелодрама', 'детектив'];5.4;Акт;1993
['Франция'];['Бертран Блие'];['комедия'];5.9;Актёры;2000
['США'];['Майкл Гордон'];['Фильм нуар'];6.9;Акт убийства;1948
['Финляндия'];['Эдвин Лайне'];['драма', 'исторический'];6.8;Аксели и Элина;1970
['Великобритания', 'Дания', 'Норвегия'];['Джошуа Оппенхаймер', 'Кристин Цинн', 'Анонимные сорежиссёры'];['документальный', 'исторический'];8.2;Акт убийства;2012
['США'];['Фред Циннеман'];['Фильм нуар', 'Драма'];7.5;Акт насилия;1948
['Великобритания', 'Германия', 'Ирландия'];['Конор МакФерсон'];['комедия криминал'];5.9;Актёры;2003
['Франция', 'Италия'];['Жерар Пирес'];['криминальный фильм', 'драма'];5.3;Акт агрессии;1975
['СССР'];['Юрий Степчук'];['сказка'];5.4;Акмаль, дракон и принцесса;1981
['Германская империя'];['Макс Складановский'];['хроника', 'короткометражка'];5.2;Акробатическая смесь;1895
['СССР'];['Алексей Коренев'];['эксцентрическая комедия'];5.5;Акселератка;1987
['СССР'];['Анар Рзаев'];['биографический фильм', 'драма', 'комедия', 'мюзикл'];7.9;Аккорды долгой жизни;1981
['Великобритания'];['Луи Лепренс'];['Документальное кино'];5.5;Аккордеонист;1888
['Франция'];['Клод Миллер'];['драма', 'военный фильм'];6.9;Аккомпаниаторша;1992
['США'];['Джеймс Ван'];['супергероика', 'боевик', 'приключения', 'фантастика'];6.8;Аквамен;2018
['Великобритания'];['Андреа Арнольд'];['драма'];7.3;Аквариум;2009
['Чехия'];['Ян Сверак'];['фантастика', 'комедия'];7.0;Аккумулятор 1;1994
['США'];['Джеймс Ван'];['супергероика', 'боевик', 'фантастика', 'приключения'];5.6;Аквамен и потерянное царство;2023
['СССР'];['Отар Иоселиани'];['драма'];6.8;Акварель;1958
['СССР'];['Игорь Вознесенский'];['Фантастика'];5.5;Акванавты;1979
['СССР'];['Алты Карлиев', 'Владимир Иванов'];['драма', 'исторический'];;Айна;1959
['США'];['Дэвид Оливерас'];['мелодрама'];6.4;Акварели;2008
['Германия', 'Польша', 'Украина'];['Энтони Краузе'];['драма', 'боевик'];6.7;Аквариум, или Одиночество шпиона;1996
['Италия'];['Пьер Паоло Пазолини'];['драма'];7.6;Аккатоне;1961
['СССР'];['Евгений Шерстобитов'];['детский', 'детектив', 'приключенческий фильм'];6.6;Акваланги на дне;1965
['Австралия', 'США'];['Элизабет Аллен'];['фэнтези', 'комедия', 'семейный фильм'];5.4;Аквамарин;2006
['Аргентина', 'Испания'];['Пабло Джорджелли'];['драматический фильм'];6.9;Акации;2011
['СССР', 'Польша'];['Кшиштоф Градовский'];['киносказка'];6.8;Академия пана Кляксы;1983
['СССР'];['Варис Брасла'];['мелодрама экранизация'];6.9;Айя;1987
['СССР'];['Григорий Рошаль'];['биографическая', 'драма'];6.0;Академик Иван Павлов;1949
['США'];['Уэс Андерсон'];['комедия', 'драма'];7.6;Академия Рашмор;1998
['США', 'Великобритания', 'США'];['Марк Уотерс'];['фэнтезийный', 'комедийный фильм ужасов', 'фэнтезийный фильм', 'подростковый фильм', 'фильм о вампирах', 'экранизация романа', 'боевик', 'фильм-тайна', 'мелодрама'];5.4;Академия вампиров;2014
['СССР'];['Владимир Герасимов'];['биографический фильм'];5.5;Академик из Аскании;1961
['Германия'];['Деннис Ганзель'];['драма', 'военный фильм'];7.4;Академия смерти;2004
['СССР'];['Валерий Жереги'];['драма', 'притча'];;Аист;1978
['Россия'];['Бакич Видяй'];['драма'];;Азор;2018
['Россия'];['Степан Бурнашёв'];['драма', 'триллер'];6.7;Айта;2022
['Индия'];['Раджшри Оджха'];['романтическая комедия'];5.1;Айша;2010
['Великобритания'];['Карел Рейш'];['драма'];6.8;Айседора;1968
['СССР'];['Генрих Малян'];['мелодрама'];7.4;Айрик;1972
['Турция', 'Республика Корея'];['Джан Улкай'];['драма'];8.2;Айла;2017
['США'];['Шейн Ван Дайк'];['фильм-катастрофа', 'боевик', 'приключенческий фильм'];1.7;Айсберг;2010
['Великобритания', 'США'];['Ричард Айр'];['драма'];7.0;Айрис;2001
['СССР'];[];['драма'];;Азамат;1939
['США'];['Роберт Хэрмон'];[];7.1;Айк: Обратный отсчёт;2004
['США', 'Великобритания'];['Дуглас Кэмфилд'];['приключенческий фильм'];6.7;Айвенго;1982
['США'];['Сэм Вуд'];['Фильм нуар', 'Мелодрама'];7.0;Айви;1947
['СССР', 'Азербайджанская ССР'];['Кямиль Рустамбеков'];['мелодрама'];7.6;Айгюн;1960
['США', 'Великобритания'];['Уильям Олдройд'];['психологический фильм-триллер', 'экранизация романа'];5.9;Айлин;2023
['Италия'];[];['драма'];;Аида;1911
['США'];['Ричард Торп'];['исторический фильм', 'приключение'];6.7;Айвенго;1952
['Италия'];['Клементе Фракасси'];['фильм', '-', 'опера', 'музыкальный фильм', 'драма', 'мелодрама'];5.2;Аида;1953
['Казахстан', 'Россия', 'Германия', 'Китай', 'Польша'];['Сергей Дворцевой'];['драма'];7.1;Айка;2019
['Россия'];['Олег Компасов'];['фантастика'];3.4;Азирис Нуна;2006
['США'];['см ниже'];['ужасы', 'комедия', 'мистика', 'боевик', 'драма'];4.7;Азбука смерти;2012
['СССР'];['Ролан Быков'];['музыкальный фильм', 'комедийный фильм', 'приключенческий фильм', 'артхаус', 'фильм-сказка'];6.8;Айболит-66;1966
['США'];['Леонс Перре'];['мелодрама'];6.2;Азбука любви;1919
['Польша'];['Анджей Вайда'];['драматический фильм'];6.3;Аир;2009
['США'];['Холли Голдберг Слоан'];['комедия'];5.5;Азбука футбола;1995
['Индия'];['Мансур Хан'];['музыкальный фильм', 'драматический фильм', 'боевик'];6.1;Азарт любви;2000
['Таиланд', 'США'];['Дэниэл Дзирилли'];['боевик'];3.2;Азиатский связной;2016
['США'];['Билли Уайлдер'];['комедия'];7.2;Азарт удачи;1966
['США'];['Уильям Фридкин'];['драма'];6.3;Азартная игра;1994
['США'];['Фил Карлсон'];['Фильм нуар'];5.9;Адский остров;1955
['Великобритания'];['Киран Паркер'];['боевик', 'фильм ужасов'];5.0;Адский бункер: Восстание спецназа;2013
['США'];['Уильям Дж Хоул-младший'];['Фильм нуар', 'Триллер'];6.3;Адский переплёт;1957
['Франция'];['Шарль Немес'];['комедийный фильм', 'кинопародия'];5.8;Адский небоскрёб;2001
['Франция'];['Жорж Мельес'];['фильм ужасов'];6.6;Адский котёл;1903
['США'];['Джон Франкенхаймер'];['триллер', 'драма'];5.8;Азартные игры;2000
['Гонконг'];['Лу Цзюньгу', 'Тони Вон'];['боевик'];6.6;Адский ветряк;1979
['Великобритания'];['Стив Баркер'];['боевик', 'фильм ужасов'];4.9;Адский бункер: Черное солнце;2012
['США'];['Ларри Бишоп'];['боевик', 'триллер', 'приключения'];5.0;Адская поездка;2008
['США'];['Джефф Барр'];['фильм ужасов'];4.6;Адская месть-2. Кровавые крылья;1994
['США'];['Том Де Саймон'];['ужасы', 'триллер'];5.6;Адская ночь;1981
['Великобритания'];['Стив Баркер'];['боевик', 'фильм ужасов'];5.8;Адский бункер;2008
['США'];['Тони Чинчирипини'];['криминал', 'драма'];4.6;Адская кухня;1998
['США'];['Андреа Берлофф'];['криминальная', 'драма', 'боевик'];5.6;Адская кухня;2019
['США'];['Сильвестр Сталлоне'];['драма'];5.7;Адская кухня;1978
['США'];['Джеймс Лейн', 'Дональд Джонс'];['комедия'];2.7;Адская жёнушка;1993
['СССР'];['Владимир Петров'];[];;Адрес Ленина;1929
['США'];['Альберт Пьюн'];['боевик', 'фантастика'];3.8;Адреналин: Страх погони;1996
['Франция'];['Жан-Поль ле Шануа'];['комедийная драма'];6.6;Адрес неизвестен;1950
['СССР'];['Евгений Хринюк'];['военная', 'драма', 'приключения'];6.3;Адрес вашего дома;1972
['США', 'США'];['Марк Невелдайн', 'Брайан Тейлор'];['боевик', 'криминал', 'триллер', 'чёрная комедия', 'трэш', 'Поп-рок', 'альтернативный рок', 'саундтрек'];6.1;Адреналин 2: Высокое напряжение;2009
['СССР'];['Михаил Ромм'];['историко-биографический'];7.2;Адмирал Ушаков;1953
['США'];['Роберт Уайз'];['романтический фильм', 'драматический фильм'];7.4;Административная власть;1954
['Израиль', 'Германия'];['Скандар Копти', 'Ярон Шани'];['драма'];7.3;Аджами;2009
['Нидерланды'];['Роэль Рейн'];['байопик', 'военный фильм', 'исторический фильм', 'драма'];7.0;Адмирал;2015
['СССР'];['Всеволод Пудовкин'];['историко-биографический'];6.6;Адмирал Нахимов;1946
['Франция'];['Анита Ассаль', 'Бартоломи Бомпар'];['фильм ужасов'];6.3;Адреналин;1990
['США'];['Марк Невелдайн', 'Брайан Тейлор'];['боевик', 'триллер', 'криминал', 'чёрная комедия'];6.9;Адреналин;2006
['Чехословакия'];['Олдржих Липский'];['Кинокомедия', 'детектив'];7.4;Адела ещё не ужинала;1977
['Франция'];['Поль Коллин'];['комедия'];5.4;Адемай на пограничном посту;1950
['Россия', 'Франция', 'Китай'];['Андрей Кравчук'];['исторический', 'военный', 'приключенческий', 'мелодрама', 'драма'];6.6;Адмиралъ;2008
['США'];['Тейлор Хэкфорд'];['ужасы', 'триллер', 'драма'];7.5;Адвокат дьявола;1997
['Дания', 'Германия'];['Андерс Томас Йенсен'];['комедия', 'драма', 'криминальный фильм'];7.7;Адамовы яблоки;2005
['США', 'США'];['Спайк Джонз'];['трагикомедия', 'Музыка к фильму'];7.7;Адаптация;2002
['США'];['Уильям Уайлер'];['драма'];7.5;Адвокат;1933
['СССР'];['Искандер Хамраев'];['драма', 'детектив'];7.7;Адвокат;1990
['СССР'];['Алексей Коренев'];['комедия'];7.4;Адам и Хева;1969
['Республика Корея'];['Ян Усок'];['драма'];7.7;Адвокат;2013
['СССР'];['Витаутас Жалакявичюс'];['драма'];7.1;Адам хочет быть человеком;1959
['США'];['Макс Майер'];['драма', 'мелодрама'];7.1;Адам;2009
['СССР'];['Геннадий Беглов'];['драма'];6.4;Ад, или Досье на самого себя;1989
['СССР'];['Виктор Абросимович Титов'];['драматический фильм', 'комедийный фильм'];6.3;Адам женится на Еве;1980
['Италия'];['Стефано Соллима'];[];6.6;Адажио;2023
['Польша'];['Конрад Том'];['комедийный фильм'];6.6;Ада! Это же неудобно!;1936
['Польша'];['Станислав Ружевич'];['Фантастическая', 'комедия'];6.9;Ад и небо;1966
['США'];['Дэвид Мармор'];['драматический фильм', 'фильм ужасов', 'фильм-триллер'];5.8;Ад по соседству;2019
['Бельгия'];['Франк Ван Мехелен'];['драма'];7.1;Ад Танжера;2006
['США'];['Крэйг Честер'];['комедия'];5.8;Адам и Стив;2005
['Италия'];['Руджеро Деодато'];['Ужасы', 'Приключения'];5.9;Ад каннибалов 3;1977
['Италия', 'Испания'];['Бруно Маттеи', 'Клаудио Фрагассо'];['фильм ужасов'];4.9;Ад живых мертвецов;1980
['Италия'];['Руджеро Деодато'];['ужасы'];5.8;Ад каннибалов;1980
['Италия'];['Джузеппе де Лигуоро', 'Адольфо Падован', 'Франческо Бертолини'];['немое кино', 'драматический фильм'];7.0;Ад;1911
['США'];['Джон Бурмен'];['приключенческий фильм', 'боевик'];7.2;Ад в Тихом океане;1968
['США'];['Фрэнк Таттл'];['Фильм нуар'];6.4;Ад в заливе Фриско;1956
['США'];['Джон Гиллермин'];['фильм-катастрофа'];7.0;Ад в поднебесье;1974
['Франция'];['Клод Шаброль'];['драма'];7.0;Ад;1994
['Великобритания'];['Вэл Гест'];['криминальный фильм'];7.0;Ад — это город;1960
['США'];['Норман Джуисон'];['драма', 'триллер'];6.6;Агнесса Божья;1985
['Мексика'];['Луис Эстрада'];['криминальная', 'драма', 'чёрный юмор'];7.6;Ад;2010
['Россия'];['Виталий Мельников'];['комедия', 'драма'];6.8;Агитбригада «Бей врага!»;2007
['Исландия', 'Швеция', 'Польша'];['Вальдимар Йоханнссон'];['драма', 'фолк-хоррор'];6.3;Агнец;2021
['СССР'];['Себастьян Аларкон'];['комедия положений'];5.3;Агенты КГБ тоже влюбляются;1991
['Испания', 'Мальта', 'Португалия', 'Франция', 'США'];['Алехандро Аменабар'];['биография', 'драма', 'приключения', 'история', 'пеплум'];7.1;Агора;2009
['США'];['Джули Браун', 'Ричард Уэнк'];['комедия', 'пародия'];4.4;Агрессивные дамочки / Нападения 5-футовых женщин;1994
['СССР'];['Элем Климов'];['исторический фильм', 'драма'];7.0;Агония;1981
['СССР'];['Ион Скутельник'];['детектив', 'шпионский', 'драма'];6.0;Агент секретной службы;1978
['США'];['Энтони Манн'];['нуар'];6.9;Агенты казначейства;1947
['США'];['Том Воган'];['криминальный', 'комедийный боевик'];5.0;Агент под прикрытием;2013
['США'];['Эдвин Л Марин'];['фильм ужасов', 'фантастический фильм'];5.9;Агент-невидимка;1942
['Великобритания', 'США'];['Джон Шлезингер'];['драма', 'триллер'];6.8;Агенты Сокол и Снеговик;1985
['США'];['Гай Ричи'];['Комедийный боевик'];7.2;Агенты А.Н.К.Л.;2015
['ФРГ'];['Вернер Херцог'];['драма', 'приключения'];7.8;Агирре, гнев Божий;1972
['Россия'];['Константин Статский', 'Наталья Шабанова', 'Андрей Элинсон'];['Детектив'];7.4;Агент особого назначения;2013
['США'];['Джон Уайтселл'];['боевик', 'комедия'];5.4;Агент по кличке Спот;2001
['США'];['Ричард Франклин'];['триллер'];4.8;Агент по имени Далила;1992
['Франция'];['Мишель Хазанавичус'];['комедия', 'боевик'];6.8;Агент 117: Миссия в Рио;2009
['Великобритания', 'Франция'];['Дэвид Керр'];['комедия', 'пародия', 'боевик'];6.2;Агент Джонни Инглиш 3.0;2018
['Великобритания', 'США', 'Франция'];['Оливер Паркер'];['комедия', 'пародия', 'боевик', 'приключения'];6.3;Агент Джонни Инглиш: Перезагрузка;2011
['Великобритания', 'Франция', 'США'];['Питер Хауитт'];['комедия', 'боевик'];6.3;Агент Джонни Инглиш;2003
['Великобритания', 'США'];['Гарт Дженнингс'];['приключенческий фильм', 'комедия', 'фантастика'];6.7;Автостопом по галактике;2005
['США'];['Мик Гаррис'];['фильм ужасов', 'триллер', 'мистика'];4.9;Автострада;1997
['США'];['Аарон Норрис'];['боевик'];5.3;Агент;1991
['США'];['Кевин Аллен'];['комедия', 'семейный'];4.6;Агент Коди Бэнкс 2: Пункт назначения - Лондон;2004
['Франция'];['Николя Бедос'];['шпионский фильм', 'комедийный фильм'];5.8;Агент 117: Из Африки с любовью;2021
['Великобритания'];['Майкл Эптед'];['драма', 'триллер'];6.2;Агата;1979
['США'];[];['супергеройский фильм'];;Авторитеты;
['Франция', 'Франция'];['Мишель Хазанавичус'];['комедия', '-', 'боевик', 'Поп', 'фолк', 'джаз'];7.0;Агент 117:;2006
['СССР', 'Италия', 'Швейцария'];['Никита Михалков'];['мелодрама', 'комедийная драма'];5.9;Автостоп;1990
['Франция', 'Нью-Йорк', 'Германия', 'Сибирь'];['Жорж Мельес'];['фантастика'];5.7;Автопробег «Париж — Нью-Йорк»;1908
['США'];['Райан Комбс'];['боевик', 'триллер'];5.0;Авторитет;2008
['США'];['Эрнест Дикерсон'];['blaxploitation', 'драма', 'боевик'];7.0;Авторитет;1992
['Испания', 'Мексика'];['Мануэль Мартин Куенка'];['драма', 'комедия'];6.5;Автор;2017
['СССР'];['Ролан Быков'];['комедия', 'музыкальный фильм', 'сказка'];6.7;Автомобиль, скрипка и собака Клякса;1974
['США'];['Дж Стюарт Блэктон'];['драма'];7.7;Автомобильные воры;1906
['США'];['Артур Хиллер'];['мелодрама'];6.2;Автора! Автора!;1982
['США'];['Тейт Тейлор'];['боевик', 'триллер', 'драма', 'криминал', 'детектив'];5.5;Агент Ева;2020
['США'];['Лиза Гурвиц'];['документальный фильм'];7.8;Автомат;2021
['СССР'];['Вячеслав Криштофович'];['драма'];6.2;Автопортрет неизвестного;1988
['США'];['Эллиот Силверштейн'];['фильм ужасов', 'фильм-тайна', 'фильм-триллер'];6.2;Автомобиль;1980
['Австралия'];['Питер Уир'];['фильм ужасов', 'комедия'];5.6;Автомобили, которые съели Париж;1974
['СССР'];['Андрей Черных'];['драма'];6.8;Австрийское поле;1991
['Норвегия'];['Арне Скуэн'];['комедия'];7.0;Автобус;1961
['Польша'];['Ян Рыбковский'];['драма', 'соцреализм'];5.4;Автобус отходит в 6.20;1954
['Германия', 'США', 'Великобритания'];['Эрен Криви'];['боевик'];5.7;Автобан;2016
['Канада', 'Великобритания'];['Дэвид Кроненберг'];['драма', 'триллер'];6.4;Автокатастрофа;1996
['Франция'];['Пьер Гранье-Дефер'];['драма', 'исторический фильм'];6.1;Австрийка;1989
['США'];['Джошуа Логан'];['комедийная', 'драма'];6.3;Автобусная остановка;1956
['США'];['Пол Вайц'];['комедия'];7.0;Американский пирог;1999
['США'];['Джеймс Роджерс'];['Комедия'];6.4;Американский пирог 2;2001
['Австралия', 'США', 'Великобритания'];['Баз Лурман'];['эпическая', 'драма'];6.6;Австралия;2008
['США', 'Великобритания'];['Джон Лэндис'];['комедийный фильм ужасов'];7.5;Американский оборотень в Лондоне;1981
['СССР'];['Дмитрий Кесаянц'];['исторический комедия драма экранизация'];3.6;Автомобиль на крыше;1980
['Украина'];['Оксана Байрак'];['драма', 'мелодрама'];5.9;«Аврора»;2006
['США'];['Седрик Сандстром'];['боевик'];3.7;Американский ниндзя 3: Кровавая охота;1989
['США'];['Бобби Джин Леонард'];['экшн'];3.0;Американский ниндзя 5;1993
['США'];['Седрик Сандстром'];['боевик'];4.0;Американский ниндзя 4: Разрушение;1991
['США'];['Сэм Фёрстенберг'];['боевик'];5.0;Американский ниндзя 2;1985
['США'];['Брэндон Трост'];['кинокомедия'];5.7;Американский огурчик;2020
['США', 'Великобритания', 'Франция', 'Нидерланды', 'Люксембург'];['Энтони Уоллер'];['комедийный фильм ужасов'];5.1;Американский оборотень в Париже;1997
['США', 'Филиппины'];['Сэм Фёрстенберг'];['боевик'];5.5;Американский ниндзя;1985
['США'];['Эндрю Эрвин', 'Джон Эрвин'];['биографический', 'спорт'];7.1;Американский неудачник;2021
['США'];['Эш Эвилдсен'];['триллер'];5.6;Американский дьявол;2017
['США'];['Боаз Дэвидсон'];['боевик', 'постапокалиптика'];4.3;Американский киборг: Стальной воин;1993
['Россия'];['Иван Щёголев'];['Комедия'];4.8;Американский дедушка;1993
['Гонконг'];['Саммо Хун', 'Лау Кавин'];['боевик', 'приключенческий фильм', 'исторический фильм'];6.3;Американские приключения;1997
['США'];['Пол Шредер'];['мелодрама'];6.3;Американский жиголо;1980
['Великобритания', 'США'];['Барт Лэйтон'];['криминальная', 'драма'];7.0;Американские животные;2018
['США'];['Тандер Левин'];['мокбастер', 'научно-фантастический фильм', 'боевик', 'вторжение пришельцев', 'фильм-триллер', 'военный фильм'];2.8;Американский боевой корабль;2012
['США'];['Элайджа Дреннер'];['документальный'];7.1;Американский грайндхаус;2010
['США'];['Джон Бэдэм'];['спортивный', 'драматический фильм'];6.5;Американские молнии;1985
['ФРГ', 'Франция'];['Вим Вендерс'];['драма'];7.4;Американский друг;1977
['СССР'];['Марийонас Гидрис'];['драма'];6.9;Американская трагедия;1981
['США'];['Джеб Стюарт'];['криминальная драма', 'триллер', 'боевик'];6.4;Американские горки;1997
['США'];['Лоуренс Шиллер'];['судебная драма'];5.4;Американская трагедия;
['США'];['Джордж Лукас'];['комедийная драма', 'история взросления'];7.4;Американские граффити;1973
['США'];['Майкл Коверт'];['комедия', 'роуд-муви', 'боевик'];5.2;Американские бродяги;1996
['США'];['Джозеф фон Штернберг'];['драматический фильм'];6.4;Американская трагедия;1931
['США'];['Юэн Макгрегор'];['драма', 'криминал'];6.1;Американская пастораль;2016
['США'];['Джош Столберг'];['Комедия', 'Драма'];5.6;Американские детки;2005
['США', 'Венгрия'];['Эва Гардос'];['биографический фильм', 'история взросления', 'драматический фильм'];6.7;Американская рапсодия;2001
['США'];['Дэвид Цукер'];['фэнтези', 'комедия'];4.0;Американская сказка;2008
['Великобритания', 'США'];['Андреа Арнольд'];['Роуд-муви'];7.0;Американская милашка;2016
['Франция', 'Италия'];['Франсуа Трюффо'];['трагикомедия'];8.0;Американская ночь;1973
['Канада'];['Джен Соска', 'Сильвия Соска'];['фильм ужасов', 'триллер'];6.2;Американская Мэри;2012
['США', 'Великобритания'];['Гонсало Лопес-Гальего'];['фильм-триллер'];5.5;Американская звезда;2024
['США'];['Пол Вайц'];['комедия', 'музыка'];5.5;Американская мечта;2006
['США'];['Тимоти Вудворд мл'];['криминальный фильм', 'драматический фильм'];4.5;Американская жестокость;2016
['Россия', 'США'];['Карен Шахназаров'];['трагикомедия', 'роуд-муви'];6.3;Американская дочь;1995
['США', 'США'];['Тони Кэй'];['драма', 'криминал', 'Инструментальная', 'электроакустическая'];8.5;Американская история Икс;1998
['США'];['Уильям Олсон'];['комедия', 'драма'];6.1;Американская интрижка;2008
['США'];['Энн Хэмилтон'];['триллер'];5.8;Американская басня;2016
['Великобритания', 'Канада'];['Джон Хаф'];['ужасы', 'триллер'];5.8;Американская готика;1987
['США'];['Артур Хиллер'];['драма комедия военный мелодрама экранизация'];7.3;Американизация Эмили;1964
['США'];['Джордан Брэйди'];['подростковый фильм', 'комедийный фильм', 'драматический фильм', 'ЛГБТ-фильм'];5.9;Американская девочка;2002
['США'];['Эдвард Джеймс Олмос'];['драма'];7.1;Американизируй меня;1992
['Россия'];['Дмитрий Месхиев'];['драма', 'трагикомедия'];6.9;Американка;1997
['Италия'];['Стено'];['комедия'];6.9;Американец в Риме;1954
['Армения'];['Майкл А Гурджиан'];['драматический фильм'];7.4;Американец;2022
['США'];['Антон Корбейн'];['драма', 'криминальный фильм'];6.3;Американец;2010
['США'];['Винсент Миннелли'];['музыкальный фильм', 'мелодрама'];7.1;Американец в Париже;1951
['Канада', 'США'];['Семи Челлас'];['драма'];5.1;Американка;2019
['Испания', 'Португалия', 'Россия', 'Бразилия'];['Жуан Нуно Пинту'];['Криминальная драма'];6.2;Америка;2010
['Франция'];['Жан-Пьер Жёне'];['романтическая комедия'];8.3;Амели;2001
['Гонконг'];['Лу Цзюньгу'];['боевик', 'приключенческий фильм'];6.3;Амбициозная кунгфуистка;1981
['США'];['Дэвид Кэррадайн'];['драма'];6.4;Американа;1983
['США', 'Канада'];['Мира Наир'];['биография', 'драма', 'мелодрама'];5.8;Амелия;2009
['Россия'];['Антон Бильжо'];['триллер', 'драма'];5.8;Амбивалентность;2019
['США'];['Дэвид Энгельбах'];['постапокалиптика'];4.2;Америка 3000;1986
['США'];['Гэри Грейвер'];['порнофильм криминальная драма триллер'];6.2;«Аманда ночью»;1981
['Италия', 'Франция'];['Федерико Феллини'];['комедия', 'драма'];7.8;Амаркорд;1973
['Индия'];['Манмохан Десаи'];['комедия'];7.4;Амар, Акбар, Антони;1977
['США'];['Элиа Казан'];['драма', 'мистика'];7.7;Америка, Америка;1963
['Италия', 'Франция'];['Каролина Кавалли'];['драматический фильм'];6.5;Аманда;2022
['Казахстан'];['Сатыбалды Нарымбетов'];['Драма'];7.2;Аманат;2015
['США'];['Джон Кролл'];['фантастика', 'комедия'];4.7;Аманда и инопланетянин;1995
['США'];['Джо Данте', 'Джон Лэндис', 'Карл Готлиб', 'Питер Хортон', 'Роберт К Уайсс'];['фантастика', 'скетч-шоу'];6.2;Амазонки на Луне;1987
['Перу', 'США'];['Луис Льоса'];['драма', 'приключения'];3.5;Амазонка в огне;1993
[];['Игорь Легаррета'];['драматический фильм', 'фэнтезийный фильм', 'фильм о вампирах'];6.6;Амайа. Дитя вампира;2021
['Россия'];['Антон Сиверс', 'Рауф Кубаев'];['биография', 'история', 'военный', 'драма'];6.6;Аманат;2022
['Россия'];['Вячеслав Ребров'];['детектив приключения'];5.4;Аляска, сэр!;1992
['СССР', 'СССР'];['Александр Белинский', 'ЕАнуфриев'];['комедия', 'комедия'];;Альманах сатиры и юмора, выпуск №1 Альманах сатиры и юмора, выпуск №2;1980
['СССР'];['Моисей Левин'];['историческая драма'];5.5;Амангельды;1938
['Германия'];['Себастьян Йобст'];['документальный фильм'];8.2;Амаара: Песнь китов;2021
['Франция'];['Филипп де Брока'];['комедия', 'фантастика', 'приключения'];4.8;Амазония;2000
['Италия'];['Пьетро Джерми'];['комедия'];6.4;Альфредо, Альфредо;1972
['Италия', 'Франция'];['Клаудио Купеллини'];['драматический фильм'];6.7;Аляска;2015
['США'];['Ник Кассаветис'];['драма', 'криминальный фильм', 'фильм-биография'];6.9;Альфа дог;2006
['США'];['Барри Левинсон'];['комедия', 'драма'];6.6;Алюминиевые человечки;1987
['Федеративная Республика Германия'];['Рихард Освальд'];['фильм ужасов', 'научно-фантастический фильм', 'драматический фильм', 'эротический фильм'];6.0;Альрауне;1930
['США'];['Милош Форман'];['биографическая', 'историческая драма'];8.4;Амадей;1984
['Испания'];['Хью Хадсон'];['фильм-биография', 'драма', 'исторический фильм'];6.0;Альтамира;2016
['Россия'];['Владимир Златоустовский'];['комедия'];5.3;Альфонс;1993
['США'];['Альберт Хьюз'];['исторический', 'боевик', 'триллер'];6.6;Альфа;2018
['СССР'];['Борис Степанов'];['военная драма'];7.0;Альпийская баллада;1965
['Греция'];['Йоргос Латимос'];['драма'];6.3;Альпы;2011
['Франция', 'США'];['Кевин Спейси'];['неонуар', 'криминальный фильм', 'драматический фильм'];6.1;Альбино Аллигатор;1996
['Италия', 'Франция'];['Жан-Люк Годар'];['антиутопический', 'неонуар'];7.0;Альфавиль;1965
['Великобритания'];['Клайв Доннер'];['драматический фильм', 'экранизация романа', 'фильм плаща и шпаги'];7.6;Алый первоцвет;1982
['США'];['Майкл Кёртис'];['Фильм нуар'];6.9;Алый час;1956
['Египет', 'Ирак'];['Салах Абу Сейф'];['историческая драма'];5.9;Аль-Кадисия;1981
['Германия'];['Хенрик Галеен'];['драма', 'фантастика'];6.2;Альрауне;1928
['США'];['Ричард Уилсон'];['гангстерский фильм', 'фильм-биография'];6.7;Аль Капоне;1959
['Италия'];['Джузеппе Амато', 'Витторио Де Сика'];['комедия', 'экранизация'];5.9;Алые розы;1940
['Австрия', 'Германия', 'Швейцария', 'Чехия'];['Дитер Бернер'];['драма', 'биография'];6.0;Альма и Оскар;2022
['США'];['Ли Филипс'];['драма', 'военный фильм', 'вестерн'];6.1;Алый знак доблести;1974
['США'];['Джон Хьюстон'];['драма', 'военный фильм'];7.1;Алый знак доблести;1951
['Венгрия'];['Михай Семеш'];['драма', 'мелодрама', 'военный'];6.1;Альба Регия;1961
['СССР'];['Александр Птушко'];['мелодрама'];7.0;Алые паруса;1961
['СССР'];['Валерий Исаков'];['Мелодрама'];5.2;Алый камень;1986
['Чехия'];['Петр Форман Мирослав Янек'];['документальный', 'комедия'];5.8;Алые паруса;2001
['СССР'];['Олега Гойда'];['детский фильм', 'военный фильм'];6.4;Алые погоны;1979
['Кыргызстан'];['Эльнура Осмоналиева'];['документальный'];;Алмаз;2010
['Великобритания'];['Харольд  Янг'];['приключенческий фильм', 'фильм плаща и шпаги'];7.3;Алый первоцвет;1934
['Россия', 'Болгария', 'Беларусь'];['Дмитрий Астрахан'];['комедия фантастика'];6.3;Алхимики;2000
['США'];['Эрих фон Штрогейм'];['мистическая', 'драма'];8.0;Алчность;1924
['СССР'];['Болотбек Шамшиев'];['истерн', 'боевик'];6.2;Алые маки Иссык-Куля;1971
['СССР'];['Абдулла Карсакбаев'];['Детский фильм'];5.1;Алпамыс идёт в школу;1976
['США', 'Великобритания', 'Италия'];['Джерри Лондон'];['драма'];7.5;Алое и чёрное;1983
['Мексика'];['Хуан Лопез Моктезума'];['Ужасы', 'Эротика'];6.3;Алукарда, дочь тьмы;1977
['СССР', 'Азербайджанская ССР'];['Ага-Рза Кулиев', 'Григорий Брагинский'];['драма'];6.6;Алмас;1936
['США'];['Кэмерон Кроу'];['драма', 'комедия', 'мелодрама'];5.4;Алоха;2015
['СССР'];['Иван Правов', 'Александр Оленин'];['драма'];5.2;Алмазы;1947
['СССР', 'ФРГ'];['Владимир Хмельницкий'];['кинодрама'];5.9;Алмазная тропа;1978
['Польша'];['Яцек Копрович'];['фэнтези'];5.8;Алхимик;1989
['США'];['Дэвид Уорк Гриффит'];['драматический фильм'];4.4;Алмаз Брахмы;1909
['Индия'];['Атул Агнихотри'];['мелодрама'];3.3;Алло, колл-центр слушает!;2008
['Германия'];['Ясмин Самдерели'];['драматический фильм', 'комедийная драма', 'комедийный фильм'];7.1;Алмания — Добро пожаловать в Германию;2011
['Франция', 'Бельгия'];['Фабрик Дю Вельц'];['драматический фильм'];6.2;Аллилуйя;2014
['СССР'];['Ольгерд Воронцов'];['музыкальная комедия'];5.5;Алло, Варшава!;1971
['Мексика'];['Хорхе Фонс'];['драма'];7.3;Аллея чудес;1995
['США'];['Льюис Тиг'];['ужасы'];6.1;Аллигатор;1984
['Великобритания'];['Джей Ли Томпсон'];['комедия'];5.2;Аллигатор по имени Дэйзи;1955
['СССР'];['Владимир Стрелков'];['военный фильм', 'драма'];6.6;Аллегро с огнём  Внешние видеофайлы;1980
['США'];['Джон Хесс'];['ужасы'];4.0;Аллигатор 2: Мутация;1991
['США', 'Мексика'];['Гильермо дель Торо'];['триллер', 'нуар', 'драма'];7.0;Аллея кошмаров;2021
['США'];['Кирби Дик', 'Эми Зиринг Кофман'];['телевизионный документальный фильм'];6.7;Аллен против Фэрроу;2021
['Казахстан'];['Калдыбай Абенов'];['драма'];;Аллажар;1993
['Россия'];['Филипп Григорьян', 'Татьяна Гулина'];['киноконцерт'];;Алла Пугачёва. Тот самый концерт;2019
['Дания'];['Кристоффер Боэ'];['драма', 'фантастика'];6.5;Аллегро;2005
['СССР'];['Камиль Ярматов'];['историческая', 'драма'];6.7;Алишер Навои;1947
['Канада'];['Юнг Чанг'];['документальный фильм'];8.5;Алишань;2009
['США'];['Эдмунд Гулдинг'];['драма', 'фильм нуар'];7.7;Аллея кошмаров;1947
['США'];['Марк Кристофер'];['драма'];6.8;Алкали, Айова;1996
['США'];['Гэри Нельсон'];['приключения', 'боевик', 'комедия'];4.6;Аллан Куотермейн и потерянный город золота;1986
['США'];['Уолт Дисней'];['кинокомедия'];4.9;Алиса и укус пчелы;1925
['США'];['Уолт Дисней'];['кинокомедия'];5.4;Алиса на море;1924
['СССР'];['Марк Донской'];['драма'];6.2;Алитет уходит в горы;1949
['Франция'];['Клод Шаброль'];['драма', 'мистика', 'триллер'];6.6;Алиса, или Последний побег;1977
['Российская империя'];['Вячеслав Висковский'];['драма'];;Алим — крымский разбойник;1916
['Россия'];['Алексей Рудаков'];['мелодрама', 'приключения'];4.3;Алиса и Букинист;1992
['США'];['Роберт Родригес'];['антиутопия', 'боевик', 'киберпанк', 'симфоническая музыка', 'электронная музыка'];7.3;Алита: Боевой ангел  Внешние видеофайлы;2019
['США'];['Тим Бёртон'];['фэнтези', 'приключения', 'Оркестр', 'классическая музыка', 'поп-музыка'];6.4;Алиса в Стране чудес;2010
['США', 'Германия', 'Великобритания'];['Ник Уиллинг'];['фэнтези', 'семейный фильм', 'приключенческий фильм'];6.3;Алиса в Стране чудес;1999
['Великобритания'];['Уильям Стерлинг'];['семейный фильм'];5.7;Алиса в Стране чудес;1972
['США'];['Норман Маклеод'];['детский'];6.3;Алиса в Стране чудес;1933
['США'];['Гарри Харрис'];['приключенческий фильм', 'семейный фильм', 'фэнтези'];7.2;Алиса в Стране чудес;1985
['США'];['Мартин Скорсезе'];['драма', 'романтика', 'трагикомедия'];7.3;Алиса здесь больше не живёт;1974
['СССР'];['Георгий Тасин'];['немое кино', 'драматический фильм'];6.2;Алим;1926
[];['ВВ Янг'];['фэнтези'];6.1;Алиса в Стране чудес;1915
['США'];['Бад Таунсенд'];['порнографический', 'музыкальный'];6.2;Алиса в Стране чудес;1976
['США'];['Джеймс Бобин'];['фэнтези', 'приключения', 'семейный фильм', 'оркестровая музыка', 'поп-рок'];6.2;Алиса в Зазеркалье;2016
['Франция', 'Великобритания'];['Sylvie Ballyot'];['драма'];5.5;Алиса;2002
['Великобритания'];['Сесиль Хепуорт', 'Перси Стоу'];['фэнтези'];6.2;Алиса в Стране чудес;1903
['Великобритания'];['Джон Хендерсон'];['фэнтези', 'приключения', 'семейный'];5.3;Алиса в Зазеркалье;1998
['ФРГ'];['Вим Вендерс'];['драма'];7.8;Алиса в городах;1975
['Российская империя'];['БСГлаголин'];['драма'];;Алёша-доброволец;1914
['Франция'];['Дидье Гольдшмидт'];['криминальный фильм'];5.2;Алиса;1998
['США'];['Мэтт Чековски', 'Курт Маттила'];['комедия', 'драма', 'мелодрама'];6.3;Алиби;2006
['Великобритания'];['Лесли Хискотт'];['детектив'];7.4;Алиби;1931
['СССР', 'СССР'];['Олег Рябоконь', 'Рябоконь Олег Всеволодович'];['сказка', 'мюзикл', 'музыкальный фильм'];7.4;Али-Баба и сорок разбойников Али-Баба и сорок разбойников;1983
['США'];['Рэй Маккэйри'];['Детективный фильм', 'Комедия'];6.4;Алиби Сокола;1946
['Азербайджан', 'Великобритания'];['Асиф Кападиа'];['драматический фильм'];6.8;Али и Нино;2016
['Франция'];['Пьер Шеналь'];['фильм-тайна', 'криминальный фильм'];6.7;Алиби;1937
['Великобритания', 'США', 'Франция'];['Марк Майлод'];['Фарсовая', 'комедия', 'сатира'];6.2;Али Джи в парламенте;2002
['Франция'];['Сегундо де Шомон', 'Фернан Зекка'];['приключенческий фильм', 'фильм-сказка'];6.1;Али-баба и 40 разбойников;1902
['СССР'];['Яков Базелян'];['Киноповесть'];5.4;Алёшкина охота;1965
['Индия'];['Хоми Вадия'];[];6.3;Али-Баба и сорок разбойников;1966
['США'];['Майкл Даус'];['боевик', 'комедия', 'бадди-муви'];6.2;Али, рули!;2019
['СССР'];['Семён Туманов', 'Георгий Щукин'];['Мелодрама'];7.5;Алёшкина любовь;1960
['Италия'];['Эмиммо Сальви'];['приключенческий фильм'];4.2;Али-Баба против семи сарацинов;1964
['США'];['Роланд Уэст'];['криминальный фильм'];5.7;Алиби;1929
['Россия'];['Сергей Русаков'];['комедия мелодрама'];3.7;Алёнка из Почитанки;2014
['СССР'];['Ирина Поволоцкая'];['фильм-сказка'];6.7;Аленький цветочек;1978
['СССР'];['Борис Барнет'];['комедия'];7.2;Алёнка;1961
['СССР'];['Леонид Луков'];['Киноповесть'];6.9;Александр Пархоменко;1942
['Россия'];['Игорь Калёнов'];['исторический фильм', 'боевик'];4.8;Александр. Невская битва;2008
['США'];['Джон Кромвелл'];['драма'];6.6;Алжир;1938
['Россия'];['Александр Сокуров'];['драма'];6.8;Александра;2007
[];['Людмила Салдадзе'];['новелла киноповесть экранизация'];;Алексеич;1970
['СССР'];['Сергей Эйзенштейн', 'Дмитрий Васильев'];['киноэпопея', 'драма', 'военный', 'исторический'];7.5;Александр Невский;1938
['СССР', 'ГДР'];['Владимир Фокин'];['драма', 'военный'];7.0;Александр Маленький;1981
['СССР'];['Сергей Сиделёв'];['фильм-опера'];6.3;Алеко;1953
['Франция', 'Германия', 'Великобритания', 'Италия', 'США', 'Нидерланды'];['Оливер Стоун'];['биографическая', 'драма', 'исторический фильм', 'пеплум'];5.6;Александр;2004
['США'];['Эдвард Уоррен'];['комедия', 'мелодрама'];5.7;Алджи-золотоискатель;1912
['США', 'Испания'];['Роберт Россен'];['пеплум', 'байопик'];5.8;Александр Великий;1956
['Германия'];['Ханс Веркмайст'];['фантастика', 'драма'];6.3;Алголь. Трагедия силы;1920
['США'];['Майкл Манн'];['драма', 'биография', 'спорт'];6.7;Али;2001
['Германия', 'Албания'];['Иоганнес Набер'];['драматический фильм', 'романтический фильм'];7.1;Албанец;2010
['СССР'];['Виктор Обухов'];['драма', 'мелодрама'];6.2;Алёша;1980
['СССР'];['Анатолий Граник'];['комедия', 'детский'];6.5;Алёша Птицын вырабатывает характер;1953
['США'];['Роб Райнер'];['комедия', 'мелодрама'];5.5;Алекс и Эмма;2003
['США'];['Мигель Артета'];['комедийный фильм', 'детский фильм', 'экранизация'];6.2;Александр и ужасный, кошмарный, нехороший, очень плохой день;2014
['Франция'];['Марчелло Пальеро'];['комедия'];5.0;Алая Роза;1951
['Япония'];['Умэцугу Иноуэ'];['Криминальная', 'драма', 'нуар'];;Алая роза;1963
['Япония'];['Ёситаро Номура'];['криминальная драма'];6.4;Алая камелия;1964
['США'];['Ролан Жоффе'];['драма', 'мелодрама'];5.3;Алая буква;1995
['Республика Корея'];['Пён Хёк'];['Драма'];6.3;Алая буква;2004
['Франция', 'Италия'];['Жан Валер'];['комедия'];5.9;Алая женщина;1969
['ФРГ', 'Испания'];['Вим Вендерс'];['мелодрама'];5.8;Алая буква;1973
['СССР'];['Борис Барнет'];['драма'];6.1;Аннушка;1959
['Германия', 'Великобритания', 'США'];['Роланд Эммерих'];['фильм-биография'];6.8;Аноним;2011
['Великобритания'];['Эндрю Никкол'];['антиутопический фильм', 'научно-фантастический фильм', 'кинофантастика', 'фильм-триллер', 'киберпанк'];6.1;Анон;2018
['СССР'];['Борис Ивченко'];['драма', 'военный'];7.5;Аннычка;1968
['Великобритания', 'США'];['Алекс Гарленд'];['научная фантастика', 'фильм ужасов'];6.8;Аннигиляция;2018
['США'];['Венди Джо Карлтон'];['Мелодрама'];6.5;Анна свободна;2009
['Канада'];['Леа Пул'];['Мелодрама'];7.3;Анна Тристер;1986
['Венгрия'];['Золтан Фабри'];['драма экранизация'];7.4;Анна Эйдеш;1958
['Россия', 'Франция'];['Никита Михалков'];['документальный фильм', 'фильм-биография', 'исторический фильм'];7.4;Анна: от 6 до 18;1993
['СССР'];['Герберт Раппапорт', 'Виктор Эйсымонт'];['кинобиография'];6.9;Александр Попов;1949
['Нидерланды'];['Мария Новикова'];['Документальный фильм'];7.9;Анна Политковская: семь лет на линии фронта;2008
['Франция', 'Германия', 'Бельгия'];['Леос Каракс'];['мюзикл'];6.3;Аннетт;2021
['США'];['Киони Уоксмен'];['биография'];4.1;Анна Николь;2007
['СССР', 'Великобритания', 'ГДР', 'Куба', 'Франция'];['Эмиль Лотяну'];['драма', 'биография', 'исторический', 'музыкальный'];6.9;Анна Павлова;1986
['США'];['Кларенс Браун'];['драма'];6.5;Анна Кристи;1930
['Россия'];['Карен Шахназаров'];['драма'];6.3;«Анна Каренина. История Вронского»;2017
['СССР'];['Исидор Анненский'];['драма'];6.8;Анна на шее;1954
['США'];['Ирвинг Рэппер'];['Фильм нуар', 'Мелодрама'];6.1;Анна Лукаста;1949
['Великобритания', 'США'];['Джо Райт'];['историческая', 'романтическая драма'];6.6;Анна Каренина;2012
[];['Мона Фастволд'];['музыкальный фильм'];;Анна Ли;
['Россия'];['Сергей Соловьёв'];['драма'];6.1;Анна Каренина;2009
['Российская империя'];['Морис Метр'];['драматический фильм', 'немое кино', 'экранизация романа'];5.2;Анна Каренина;1911
['СССР'];['Александр Зархи'];['драма'];7.0;«Анна Каренина»  Внешние видеофайлы;1967
['США'];['Саймон Лэнгтон'];['мелодрама'];6.3;Анна Каренина;1985
['Великобритания'];['Жюльен Дювивье'];['драма', 'мелодрама'];6.6;Анна Каренина;1948
['США', 'Россия', 'Великобритания'];['Бернард Роуз'];['драма', 'любовная история'];6.3;Анна Каренина;1997
['США'];['Кларенс Браун'];['мелодрама'];7.0;Анна Каренина;1935
['Российская империя'];['Владимир Гардин'];['драма'];5.2;Анна Каренина;1914
['Италия', 'Франция', 'Германия', 'Испания'];['Кристиан Дюгей'];['драма'];7.2;Анна Каренина;2013
['Нацистская Германия'];['Франк Висбар'];['драма'];7.1;Анна и Элизабет;1933
['СССР'];['Маргарита Пилихина'];['фильм-балет'];6.8;Анна Каренина;1974
['СССР', 'Франция'];['Рустам Хамдамов'];['Драма'];6.8;Анна Карамазофф;1991
['СССР'];['Евгений Хринюк'];['мелодрама'];6.5;Анна и Командор;1974
['США'];['Энди Теннант'];['мелодрама', 'драма', 'исторический'];6.7;Анна и король;1999
['Франция'];['Пьер Коральник'];['музыкальный фильм'];6.8;Анна;1967
['ФРГ'];['Франк Штрекер', 'нем', 'Frank Strecker'];['мелодрама', 'семейный фильм'];5.3;Анна;1988
['Италия'];['Никколо Амманити'];['постапокалипсис', 'антиутопия'];7.0;Анна;2021
['СССР'];['Михаил Жаров', 'Виталий Иванов', 'Владимир Рапопорт'];['детективный фильм', 'комедия'];6.4;Анискин и Фантомас;1973
['Россия'];['Пётр Тодоровский'];['драма'];6.9;Анкор, ещё анкор!;1992
['Франция'];['Марсель Паньоль'];['драматический фильм'];7.3;Анжель;1934
['США'];['Годфри Реджио'];['документальный фильм'];7.5;Анима мунди;1992
['Франция'];['Люк Бессон'];['боевик', 'триллер', 'шпионский фильм'];6.7;Анна;2019
['Сербия', 'Германия'];['Горан Радованович'];['драма'];7.5;Анклав;2015
['США'];[];['документальный'];7.9;Анита О’Дэй: Жизнь джазовой певицы;2007
['Франция', 'Италия', 'Германия'];['Бернар Бордери'];['приключенческий фильм'];6.3;Анжелика и султан;1968
['Индия'];['Дуния Сури'];['боевик', 'мелодрама', 'драма'];4.5;Анна Бонд;2012
['Франция'];['Ариель Зейтун'];['мелодрама', 'приключения'];6.1;Анжелика, маркиза ангелов;2013
['СССР'];['Тато Котетишвили'];['драма'];7.7;Анемия;1987
['Франция', 'Италия', 'ФРГ'];['Бернар Бордери'];['экранизация', 'приключенческий фильм', 'мелодрама', 'исторический фильм'];6.6;Анжелика и король;1966
['РСФСР'];['Михаил Нароков'];['Драма'];;Анджело;1920
['Франция', 'Италия', 'ФРГ'];['Бернар Бордери'];['экранизация', 'приключенческий фильм', 'мелодрама'];6.7;Анжелика — маркиза ангелов;1964
['Франция', 'Италия', 'ФРГ'];['Бернар Бордери'];['экранизация', 'приключенческий фильм', 'мелодрама'];6.6;Анжелика в гневе;1965
['США', 'Великобритания'];['Честер Эрскин', 'Николас Рэй'];['пеплум'];6.0;Андрокл и лев;1952
['Чехословакия'];['Милан Вошмик'];['детский экранизация'];6.0;Анечка идёт в школу;1962
['США'];['Аарон Липштадт'];['фантастика', 'драма'];5.8;Андроид;1982
['СССР'];['Яков Базелян', 'Сергей Параджанов'];['сказка'];6.3;Андриеш;1954
['СССР'];['Георгий Шмованов'];['киноновелла экранизация'];;Анетта;1966
['Армения', 'Китай', 'Индия', 'Кыргызстан', 'Великобритания', 'Мексика', 'Россия', 'Франция', 'Испания'];['Рубен Гини'];['документальный исторический'];8.9;Андин. Хроники армянских путешествий;2014
['СССР'];['Николай Лебедев'];['киноповесть'];6.2;Андрейка;1958
['Нидерланды'];['Бобби Бурманс'];['технотриллер'];5.4;Андроид;2013
['Испания', 'США'];['Мэтт Симбер'];['приключения'];4.6;Андра;1983
['СССР'];['Геннадий Харлан'];['сказка', 'комедия'];4.9;Андрей и злой чародей;1981
['США'];['Джордж Т Миллер'];['приключения', 'драма', 'семейный фильм'];5.7;Андре;1994
['США', 'Великобритания'];['Ронан Дэй-Льюис'];['драматический фильм'];;Анемон;
['США'];['Роберт Дюваль'];['драма'];6.6;Анджело, моя любовь;1983
['Россия'];['Эльдар Рязанов'];['Биография', 'Сказка'];5.5;Андерсен. Жизнь без любви;2006
['Франция', 'Германия', 'Болгария', 'Венгрия', 'Чехия', 'Югославия', 'Югославия'];['Эмир Кустурица'];['антивоенный', 'драма', 'эксцентричная', 'трагикомедия', 'фантасмагория', 'притча'];8.0;Андерграунд;1997
['Франция'];['Луис Бунюэль'];['сюрреализм', 'авангард'];7.6;Андалузский пёс;1929
['СССР'];['Андрей Тарковский'];['историческая', 'драма'];8.0;Андрей Рублёв;1966
['Германия'];['Ахим фон Боррис'];['драма'];6.9;Англия!;2000
['Великобритания'];['Кристофер Монгер'];['комедия'];6.6;Англичанин, который поднялся на холм, а спустился с горы;1995
['Россия', 'Сербия'];['Александр Селиверстов'];['чёрная комедия', 'абсурдистская комедия'];;Ангелы не жужжат;2024
['США', 'Великобритания', 'Германия', 'Франция'];['Пэтрик Рид Джонсон'];['комедия'];6.7;Ангус;1995
['США', 'Великобритания', 'Австралия'];['Гуриндер Чадха'];['комедия', 'драма'];6.3;Ангус, стринги и поцелуи взасос;2008
['Великобритания'];['Ричард Лэкстон'];['Биография', 'драма'];7.1;Англичанин в Нью-Йорке;2009
['США'];['Роберт Хармон'];['драма'];5.2;Ангельские глазки;1991
['Великобритания', 'Германия', 'США'];['Пэдди Бретнэк'];['комедия'];6.2;Английский цирюльник;2001
['США'];['Отто Премингер'];['нуар', 'мелодрама', 'триллер'];7.2;Ангельское лицо;1952
['Канада'];['Джон Хэсс'];['триллер'];5.4;Ангелы-хранители;1988
['СССР'];['Гитис Лукшас'];['мелодрама экранизация'];6.7;Английский вальс;1982
['Великобритания', 'США'];['Энтони Мингелла'];['драма', 'мелодрама'];7.4;Английский пациент;1997
['США'];['Макджи'];['боевик', 'приключенческий фильм', 'комедия'];4.9;Ангелы Чарли: Только вперёд;2003
['США'];['Элизабет Бэнкс'];['комедийный боевик'];5.0;Ангелы Чарли;2019
['США'];['Макджи'];['приключения', 'комедия', 'боевик'];5.6;Ангелы Чарли;2000
['Россия', 'Сирия'];['Юрий Озеров'];['драма', 'военный фильм'];6.3;Ангелы смерти;1993
['США'];['Уильям Дир'];['семейный фильм', 'комедия'];6.2;Ангелы у кромки поля;1994
['США'];['Майкл Кёртис'];['гангстерская', 'драма'];7.9;Ангелы с грязными лицами;1965
['Россия'];['Алексей Федорченко'];['романтическая драма'];6.6;Ангелы революции;2014
['Россия'];['Валерий Залотуха'];['Документальное кино'];;Ангел Русской церкви против отца всех народов;2005
['США'];['Ральф Хемекер'];['триллер', 'драма', 'мелодрама'];5.7;Ангелы падают;2007
['США', 'Великобритания'];['Филип Хаас'];['драма'];6.8;Ангелы и насекомые;1995
['Франция'];['Робер Брессон'];['драма'];7.2;Ангелы греха;1943
['Россия', 'Франция'];['Евгений Лунгин'];['драма'];5.6;Ангелы в раю;1993
['Исландия', 'Германия', 'Дания', 'Швеция', 'Норвегия'];['Фридрик Тоур Фридрикссон'];['драма'];7.5;Ангелы Вселенной;2000
['США'];['Рон Ховард'];['приключения', 'триллер'];6.7;Ангелы и демоны;2009
['США'];['Брюс Кесслер'];['боевик'];4.9;Ангелы ада;1968
['Италия'];['Чезарео Рокко'];['драма'];4.9;Ангелы Борселлино;2003
['Канада'];['Жан-Себастьян Лорд'];['драма', 'нуар', 'триллер'];7.1;Ангел-хранитель;2014
['США'];['Ричард Раш'];['боевик'];5.1;Ангелы ада на колёсах;1967
['США'];['Джо Виола'];['боевик'];4.7;Ангелов круче не бывает;1971
['США'];['Ли Мэдден'];['боевик'];5.3;Ангелы ада ’69;1969
['США'];['Говард Хьюз', 'Эдмунд Гулдинг', 'Джеймс Уэйл'];['драма'];7.3;Ангелы ада;1930
['Германия'];['Тиль Швайгер'];['боевик', 'драма'];5.7;Ангел-хранитель;2012
['Мексика'];['Луис Бунюэль'];['трагикомедия'];8.0;Ангел-истребитель;1962
['США'];['Дэвид Касс'];['вестерн', 'боевик', 'драма'];5.4;Ангел-мститель;2007
['Австралия'];['Шейн Эббесс'];['мистика', 'боевик', 'ужасы'];5.5;Ангел света;2007
['Франция'];['Люк Бессон'];['мелодрама', 'комедия', 'нуар', 'магический реализм'];7.0;Ангел-А;2005
['Таджикистан', 'Италия', 'Франция'];['Джамшед Усмонов'];['комедийная драма'];6.7;Ангел правого плеча;2002
['США'];['Крэйг Р Бэксли'];['боевик', 'кинофантастика'];6.1;Ангел тьмы;1990
['Россия'];['Сергей Кисляков', 'Дмитрий Ларченко', 'Юрий Устинов'];['документальное кино'];;Анатомия протеста, Анатомия протеста-2;2012
['Германия', 'Франция'];['Геза фон Радваньи'];['комедийный фильм'];5.6;Ангел на земле;1959
['США'];['Крэйг Бэксли'];['вестерн'];6.0;Ангел мести;1995
['Италия'];['Дамиано Дамиани'];['драматический фильм'];6.0;Ангел с ружьём;1992
['США', 'Италия'];['Мартин Бёрк'];['комедия', 'криминал'];5.1;Ангел мести;2002
['США'];['Ли Мадден'];['боевик'];5.1;Ангел освобождённый;1970
['США'];['Джордж Галло'];['боевик', 'триллер', 'криминал'];3.0;Ангел мести;2021
['Великобритания', 'Австралия'];['Джейн Кэмпион'];['драма'];7.4;Ангел за моим столом;1990
['Италия'];['Камилло Мастрочинкве'];['фильм ужасов'];6.4;Ангел для Сатаны;1966
['Россия'];['Виктор Лисакович'];['документальное кино'];;Анастасия;2008
['США', 'Италия'];['Наннэлли Джонсон'];['драма'];5.8;Ангел в красном;1960
['Чехословакия'];['Борживой Земан'];['комедия'];6.2;Ангел в отпуске;1953
['СССР'];['Шакен Айманов'];['комедия'];6.6;Ангел в тюбетейке;1968
['Аргентина', 'Испания'];['Луис Ортега'];['драма', 'криминал', 'биография'];6.9;Ангел;2018
['Россия'];['Дмитрий Фёдоров'];['драма'];6.4;Ангел;2011
['Чехословакия'];['Борживой Земан'];['комедия'];6.6;Ангел в горах;1955
['Великобритания', 'Франция', 'Бельгия'];['Франсуа Озон'];['Мелодрама'];5.8;Ангел;2007
['США'];['Эрнст Любич'];['драма', 'мелодрама'];7.2;Ангел;1937
['СССР'];['Сергей Гиппиус'];['драма экранизация'];6.9;Анафема;1960
['США'];['Джеймс Л Конуэй'];['боевик', 'научно-фантастический фильм'];5.3;Ангар 18;1980
['США'];['Джозеф Братсмэн'];['драма'];3.4;Анатомия порока;2001
['США'];['Отто Премингер'];['юридическая драма'];8.0;Анатомия убийства;1959
['США'];['Шана Фест'];['Романтическая драма'];6.2;Анатомия любви;2014
['Индия'];['Говинд Менон'];['драматический фильм'];4.2;Анатомия любви 2;2003
['Франция'];['Жюстин Трие'];['драма'];7.6;Анатомия падения  Внешние видеофайлы;2023
['США'];['Стивен Содерберг'];['драма'];6.8;Анатомия Грея;1996
['Россия'];['Виталий Манский'];['документальный фильм'];7.1;Анатомия ТАТУ;2003
['Беларусь'];['Юрий Елхов'];['Историческая драма'];5.5;Анастасия Слуцкая;2003
['США', 'Австрия', 'Италия'];['Марвин Чомски'];['драма', 'исторический фильм'];6.6;Анастасия: Загадка Анны;1986
['ПНР'];['Роман Залуский'];['мелодрама'];6.3;Анатомия любви;1972
['Германия'];['Штефан Рузовицки'];['Триллер'];6.0;Анатомия;2000
['США'];['Анатоль Литвак'];['мелодрама'];7.0;Анастасия;1956
['Франция'];['Эли Важеман'];['драма'];5.8;Анархисты;2015
['США'];['Гарольд Рэмис'];['комедия', 'криминальный фильм'];6.7;Анализируй это;1999
['США'];['Гарольд Рамис'];['Комедия'];5.9;Анализируй то;2002
['США'];['Дэвид Гордон Грин'];['чёрная', 'комедия'];6.9;Ананасовый экспресс: Сижу, курю;2008
['США', 'Китай'];['Хешэн Сян', 'Цюлян Сян'];['приключения', 'фильм ужасов'];4.8;Анаконда;2024
['США'];['Дон Э ФонтЛеРой'];['природный фильм ужасов', 'фэнтези'];2.9;Анаконда 4: Кровавый след;2009
['США'];['Том Гормикан'];['приключения', 'фильм ужасов'];;Анаконда;2025
['Испания', 'Италия', 'Бельгия'];['Висенте Аранда'];['Историческая', 'драма'];6.9;Анархистки;1996
['США'];['Луис Льоса'];['приключенческий', 'фильм ужасов'];4.9;Анаконда;1997
['США'];['Дуайт Литтл'];['природный фильм ужасов', 'приключения'];4.7;Анаконда 2: Охота за проклятой орхидеей;2004
['Великобритания'];['Альберто Шьямма'];['драматический фильм', 'фильм-триллер'];5.2;Аназапта;2013
['США', 'Румыния'];['Дон Э Фонтлерой'];['природный фильм ужасов'];2.8;Анаконда 3: Цена эксперимента;2008
['Румыния', 'Германия', 'Франция'];['Калин Питер Нецер'];['драматический фильм'];6.7;Ана, любовь моя;2017
['Испания'];['Карлос Саура'];['драма'];7.3;Ана и волки;1973
['Гонконг'];['Скад'];['драма'];5.7;Амфетамин;2010
['Германия'];['Жак Брюйер'];['Комедия'];5.1;Амуры;1994
['Норвегия'];['Эспен Сандберг'];['исторический', 'драма', 'приключения'];6.2;Амундсен;2019
['СССР'];['Леонид Ясеницкий'];['мелодрама'];;Амуланга;1987
['Украина'];['Николай Федюк'];['драма'];;Амур и демон;1994
['США'];['Дэвид Оуэн Расселл'];['исторический фильм', 'комедийная драма', 'мистерия'];6.1;Амстердам;2022
['СССР'];['Александр Сокуров'];['драматический фильм', 'триллер'];6.3;Ампир;1986
['Великобритания', 'ОАЭ'];['Ромола Гарай'];['ужасы'];4.9;Амулет;2020
['Россия'];['Виктор Гинзбург'];['городское фэнтези', 'сатира'];5.1;Ампир V;2023
['Индия'];['Лекх Тандон'];['исторический фильм', 'фильм-биография', 'музыкальный фильм'];6.6;Амрапали;1966
['Франция'];['Валериан Боровчик'];['драма', 'мелодрама', 'эротика'];5.6;Аморальные истории;1974
['США'];['Расс Мейер'];['комедия'];4.6;Аморальный мистер Тис;1959
['Италия'];['Массимо Пирри'];['драма', 'триллер', 'эротика'];5.8;Аморальность;1978
['Австралия'];['Джордж Т Миллер'];['драма', 'триллер'];5.3;Аморальное поведение;1993
['США'];['Дэвид Белтон'];[];7.8;Амиши;2012
['США'];['Александр Черняев'];['триллер'];5.0;Амнезия;2019
['Италия', 'Франция'];['Пьетро Джерми'];['комедия'];6.7;Аморальный;1967
['Великобритания', 'Австралия', 'США'];['Фрэнсис Ли'];['драматический фильм', 'ЛГБТ-фильм'];6.5;Аммонит;2020
['США'];['Джон Марловски'];['фильм ужасов'];4.0;Амитивилль: Новое поколение;1993
['США', 'Германия'];['Филип Кауфман'];['триллер'];5.3;Амнезия;2004
['США'];['Стивен Спилберг'];['историческая', 'драма'];7.3;Амистад;1997
['США'];['Тони Рэндл'];['фильм ужасов'];4.7;Амитивилль 6: Вопрос времени;1992
['США'];['Сэндэр Стерн'];['ужасы', 'триллер'];4.4;Амитивилль 4: Зло спасается;1989
['США', 'Мексика'];['Дамиано Дамиани'];['ужасы', 'триллер'];5.6;Амитивилль 2: Одержимость;1982
['США', 'Мексика'];['Ричард Флейшер'];['ужасы', 'триллер'];4.2;Амитивилль 3-D;1983
['США'];['Джеймс Фоули'];['драма'];7.7;Американцы;1992
['Франция', 'Германия', 'Румыния'];['Коста-Гаврас'];['Драма'];7.2;Аминь;2002
['Россия'];['Борис Квашнёв'];['детективный фильм', 'боевик', 'триллер'];5.8;Америкэн бой;1992
['США'];['Корд Джефферсон'];['драма', 'комедия'];7.5;Американское чтиво;2023
['США'];['Сэм Ферстенберг'];['боевик'];4.9;Американский самурай;1992
['ФРГ'];['Райнер Вернер Фасбиндер'];['драма'];6.5;Американский солдат;1970
['США'];['Томми ОХейвер'];['драма', 'детектив'];7.2;Американское преступление;2007
['США'];['Фрэнк Капра'];['драматический фильм'];7.4;Американское безумие;1932
['США'];['Лука Гуаданьино'];['сатирический', 'фильм ужасов'];;Американский психопат;2026
['США'];['Коби Либий'];['комедия'];3.7;Американское общество негров-волшебников;2024
['США'];['Морган Дж Фриман'];['Чёрная комедия', 'слэшер'];3.7;Американский психопат 2;2002
['США'];['Мартин Белл'];['драма'];6.7;Американское сердце;1992
['Россия'];['Максим Якубсон'];['документальный'];;Архитектура блокады;2020
['США', 'Канада'];['Мэри Хэррон'];['криминал', 'чёрная комедия', 'триллер'];7.6;Американский психопат;2000
['США'];['Майк Эллиот'];['комедия'];3.9;Американский пирог представляет: Правила для девочек;2020
['СССР'];['Расим Исмайлов'];['детский фильм'];7.7;Асиф, Васиф, Агасиф;1983
['Япония', 'Франция'];['Рюсукэ Хамагути'];['драматический фильм', 'романтический фильм'];7.0;Асако 1 и 2;2018
['США', 'Канада'];['Джо Нуссбаум'];['кинокомедия'];5.1;Американский пирог представляет: Голая миля;2006
['США', 'Канада'];['Джон Путч'];['комедия'];4.7;Американский пирог представляет: Книга любви;2009
['США', 'Канада'];['Эндрю Уоллер'];['кинокомедия'];5.3;Американский пирог представляет: Переполох в общаге;2007
['США'];['Хейден Шлоссберг', 'Джон Харвитц'];['комедия'];6.7;Американский пирог: Все в сборе;2012
['США'];['Роб Райнер'];['комедия', 'драма'];6.8;Американский президент;1995
['США'];['Джесси Дилан'];['кинокомедия'];6.3;Американский пирог: Свадьба;2003
['Россия', 'Израиль', 'Литва'];['Роман Качанов'];['Драма'];6.7;Арье;2004
['США', 'США'];['Стив Рэш'];['комедия', 'подростковый фильм', 'комедийный фильм', 'романтическая комедия'];5.0;Американский пирог представляет: Музыкальный лагерь Американский пирог 4: Лагерь;2005
['Российская империя'];['Борис Светлов'];['музыкальная комедия'];7.9;Аршин мал алан;1916
['СССР', 'Азербайджанская ССР'];['Тофик Таги-Заде'];['музыкальная комедия'];8.1;Аршин мал алан;1965
['Франция', 'ФРГ'];['Жерар Ури'];['комедия'];6.6;Ас из асов;1982
['Индия', 'Индия'];['Сукумар'];['боевик', 'романтическая комедия', 'саундтрек'];7.5;Арья 2;2009
['США'];['Мэтт Таубер'];['Драма'];5.5;Архитектор;2006
['США'];['Байрон Хаскин'];['фантастика'];7.6;Архитекторы страха;1963
['США'];['Сетраг Вартян'];['мелодрама', 'музыкальный фильм'];5.7;Аршин мал алан;1937
['СССР', 'Азербайджанская ССР'];['Рза Тахмасиб', 'Николай Лещенко'];['Музыкальная комедия'];7.7;Аршин мал алан;1945
['Германия', 'Франция'];['Виктор Косаковский'];['документальный фильм'];6.6;Архитектон;2024
['Великобритания'];['Джоанна Хогг'];['драматический фильм'];6.3;Архипелаг;2010
['Великобритания'];['Джон Джонс'];['триллер'];6.4;Архангел;2005
['СССР'];['Марина Голдовская'];['документальный фильм'];;Архангельский мужик;1986
['США'];['Данте Ариола'];['комедийная драма', 'комедийный фильм'];5.6;Артур Ньюман, профессионал гольфа;2013
['Россия'];['Алексей Тельнов', 'Михаил Малахов-младший'];['исторический'];5.3;Архипелаг;2021
['Канада'];['Гай Мэддин'];['Мелодрама', 'Авангардный фильм', 'Сюрреалистический фильм', 'Артхаус'];6.3;Архангел;1990
['Франция', 'США'];['Люк Бессон'];['Мультфильм', 'Фэнтези', 'Приключения', 'Семейный', 'Кинокомедия'];6.0;Артур и минипуты;2006
['США'];['Саймон Селлан Джоунс'];['приключения'];7.0;Артур, ты король;2024
['Франция', 'США'];['Люк Бессон'];['мультфильм', 'фэнтези', 'приключение', 'семейный'];5.3;Артур и месть Урдалака;2009
['США'];['Джейсон Уайнер'];['комедия', 'мелодрама'];5.7;Артур. Идеальный миллионер;2011
['Камбоджа', 'Франция'];['Ритхи Пань'];['документальная драма'];7.1;Артисты сгоревшего театра;2005
['США'];['Бад Йоркин'];['комедия'];4.7;Артур 2: На мели;1988
['СССР'];['Леонид Квинихидзе'];['лирическая', 'комедия'];6.3;«Артистка из Грибова»;1988
['Франция'];['Люк Бессон'];['мультфильм', 'фэнтези', 'приключение', 'семейный'];5.5;Артур и война двух миров;2010
['Россия'];['Станислав Говорухин'];['мелодрама', 'комедия'];6.8;Артистка;2007
['Узбекистан'];['Али Хамраев'];['драма', 'комедия'];;Аромат дыни в Самарканде;2021
['США'];['Стив Гордон'];['комедия', 'мелодрама'];6.9;Артур;1981
['СССР'];['Григорий Липшиц'];['комедия'];5.6;Артист из Кохановки;1961
['США'];['Дэнни Грейвз', 'Ричард Уэнк'];['слэшер'];5.2;Артефакт;2001
['СССР'];['Николай Кошелев', 'Валентин Морозов'];['историко-революционный фильм-биография драма'];6.2;Артём;1978
['Россия'];['Андрей Буровский', 'Григорий Жгилёв'];['документальный'];;Армянский вопрос;2017
['Франция', 'Италия', 'Германия'];['Аньес Мерле'];['драма биография исторический'];6.7;Артемизия;1997
['Франция', 'Бельгия'];['Мишель Хазанавичус'];['драма', 'мелодрама', 'комедия'];7.8;Артист;2011
['США'];['Бартоломью Каббинс'];['документалистика'];7.9;Артефакт;2012
['США'];['Кеннет Брана'];['научное фэнтези', 'приключения'];4.3;Артемис Фаул;2020
['Россия'];['Карен Захаров', 'Армен Ананикян'];['комедия', 'приключения', 'фантастика'];4.2;Артек. Большое путешествие;2022
['Китай'];['Liu Jian'];[];6.3;Арт-колледж 1994;2023
['СССР'];['Александр Довженко'];['исторический фильм'];7.2;Арсенал;1929
['Франция', 'Италия', 'Испания', 'Великобритания'];['Жан-Поль Саломе'];['боевик', 'приключенческий фильм', 'криминальный фильм', 'мелодрама'];5.4;Арсен Люпен;2004
['Италия'];['Джанни Да Кампо'];['драма'];6.9;Аромат кукурузы;1986
['СССР'];['Михаил Чиаурели'];['драма', 'исторический фильм'];6.7;Арсен;1937
['СССР'];['Дооронбек Садырбаев'];['Драма'];;Арман;1975
['Франция'];['Александр Жарден'];['мелодрама', 'комедия'];6.7;Аромат любви Фанфан;1993
['Франция', 'Вьеткьеу Франции'];['Чан Ань Хунг'];['драма', 'мелодрама', 'музыкальный фильм'];7.3;Аромат зелёной папайи;1993
['Бразилия'];['Гарри Кананян', 'Сезар Кананян'];['документальный'];7.3;Армянская рапсодия  Внешние видеофайлы;2012
['Австрия'];['Петер Кубелка'];['экспериментальное кино'];4.1;Арнульф Райнер;1960
['США', 'Нидерланды', 'Чехия'];['Ричард Рапхорст'];['ужасы'];5.4;Армия Франкенштейна;2013
['Армянская ССР', 'СССР'];['Патвакан Бархударян'];['музыкальный фильм', 'и', 'короткометражный фильм'];5.9;Армянский киноконцерт;1941
['Швеция', 'Дания', 'Норвегия', 'Финляндия', 'Германия'];['Петер Флинт'];['исторический фильм'];6.6;Арн: Рыцарь-тамплиер;2007
['Дания', 'Швеция', 'Финляндия', 'Великобритания', 'Норвегия', 'Германия'];['Петер Флинт'];['исторический фильм'];6.6;Арн: Королевство в конце пути;2008
['Гонконг'];['Чжан Чэ', 'Сюн Тинъу', 'У Ма'];['боевик', 'военная драма'];6.2;Армия семерых бойцов;1976
['США'];['Сэм Рэйми'];['фэнтезийная комедия'];7.4;Армия тьмы;1992
['Франция'];['Робер Гедигян'];['военный фильм', 'драматический фильм'];6.7;Армия преступников;2009
['США'];['Зак Снайдер'];['фильм о зомби', 'фильм-ограбление', 'постапокалиптика'];5.8;Армия мертвецов;2021
['СССР'];['Александр Лейманис'];['приключения'];6.2;Армия «Трясогузки» снова в бою;1968
['Италия'];['Бруно Маттеи'];['драматический фильм'];5.7;Армида, драма одной невесты;1970
['Франция', 'Италия'];['Жан-Пьер Мельвиль'];['драма', 'военный фильм'];8.1;Армия теней;1969
['СССР'];['Александр Лейманис'];['приключения'];6.5;Армия «Трясогузки»;1964
['Италия', 'Франция', 'Испания'];['Марио Моничелли'];['комедия', 'приключения'];7.7;Армия Бранкалеоне;1966
['США'];['Майкл Бэй'];['фильм-катастрофа', 'драма', 'фантастика'];6.7;Армагеддон;1998
['СССР'];['Михаил Израилев'];['драма'];5.1;Армагеддон;1962
['США'];['Маттиас Швайгхёфер'];['приключения', 'фильм-ограбление'];6.4;Армия воров  Внешние видеофайлы;2021
['Япония'];['Кэйсукэ Киносита'];['фильм-драма'];6.5;Армия;1944
['США', 'Великобритания', 'Япония', 'Великобритания'];['Эдгар Райт'];['научно-фантастическая комедия', 'Альтернативный рок', 'инди-рок', 'мэдчестер', 'альтернативная танцевальная музыка', 'брит-поп', 'психоделический рок', 'данс-поп'];6.9;Армагеддец;2013
['Нигер', 'Бенин'];['Идриссу Моракпай'];['Документальное кино'];7.9;Арли: второй Париж;2007
['СССР'];['Вадим Абдрашитов'];['драма'];7.3;Армавир;1991
['США'];['Дэвид Уорк Гриффит'];['драматический фильм'];5.4;Аркадская дева;1910
['США'];['Оливия Сильвер'];['драма', 'роуд-муви', 'подростковое кино'];6.2;Аркадия;2012
['Финляндия'];['Аки Каурисмяки'];['драма'];7.4;Ариэль;1988
['США', 'Канада'];['Тони Эллиотт'];['фантастика', 'триллер'];6.3;Арк: Ковчег Времени;2016
['Франция'];['Клод Зиди'];['мелодрама', 'комедия', 'криминальный фильм'];5.2;Арлетт;1997
['СССР'];['Марина Голдовская'];['документальный фильм'];8.0;Аркадий Райкин;1975
['Франция'];['Альбер Капеллани'];['драма'];6.4;Арлезианка;1908
['Россия', 'Украина'];['Евгений Котов'];['драма', 'фантастика', 'экранизация'];4.7;Ариэль;1992
['СССР'];['Дмитрий Светозаров'];['детективный фильм'];6.8;Арифметика убийства;1991
['Великобритания'];['Николас Роуг', 'Билл Брайден', 'Чарльз Старридж', 'Жан-Люк Годар', 'Жульен Темпл', 'Брюс Бирсфорд', 'Роберт Олтмен', 'Фрэнк Роддэм', 'Кен Рассел', 'Дерек Джармен'];['музыкальный фильм'];5.7;Ария;1987
['Франция', 'США'];['Эмир Кустурица'];['трагикомедия'];7.2;Аризонская мечта;1993
['Россия', 'Финляндия', 'Германия'];['Борис Хлебников'];['драма'];7.4;Аритмия;2017
['США'];['Пенн Джиллетт', 'Пол Провенца'];['документальный фильм', 'комедия'];6.4;Аристократы;2005
['Республика Корея'];['Ким Ки Дук'];['документальный фильм', 'Автобиографический фильм'];6.8;Ариран;2012
['Франция'];['Дени де Ла Пательер'];['экранизация', 'драма'];6.4;Аристократы;1955
['Япония'];['Тэн Симояма'];['боевик', 'приключенческий фильм'];5.1;Арена смерти;2002
['Великобритания'];['Бирт Акрес'];['детективный фильм'];4.8;Арест карманника;1895
['СССР'];['Юрий Музыкант', 'Надежда Кошеверова'];['комедия'];5.1;Аринка;1939
['СССР'];['Михаил Чиаурели'];['драма', 'исторический фильм'];7.7;Арена неистовых;1986
['Италия', 'Испания'];['Серджо Мартино'];['вестерн'];5.7;Аризона Кольт возвращается;1970
['Италия'];['Карло Лаванья'];['драма'];6.2;Арианна;2015
['Корея'];['На Унгю'];['боевик', 'драматический фильм'];7.8;Ариран;1926
['США'];['Джона Луп'];['боевик', 'триллер'];4.7;Арена;2011
['СССР'];['Самсон Самсонов'];['драма'];5.7;Арена;1967
['Россия'];['Эдуард Бордуков'];['драма'];6.8;Арена;2012
['США', 'Италия'];['Питер Манугиан'];['фантастика'];5.3;Арена;1989
['СССР'];['Аркадий Айрапетян', 'Арнольд Агабабов'];['драма'];6.3;Аревик;1978
['СССР'];['Сергей Гуров', 'Юрий Озеров'];['музыкально-цирковое представление', 'документальный фильм', 'фильм-концерт'];4.8;Арена смелых;1953
['Франция', 'Италия'];['Риккардо Фреда'];['пеплум', 'фэнтезийный фильм'];5.1;Аргонавты: В поисках золотого руна;1960
['Россия'];['Михаил Марескин'];['триллер', 'драма'];7.5;Аргентина. Интервью с мёртвым наркодилером;2008
['Россия'];['Ирина Евтеева'];['мультфильм', 'фэнтези', 'экранизация'];6.9;Арвентур;2015
['Бельгия'];['Робин Пронт'];['драматический фильм'];6.7;Арденны;2015
['Аргентина'];['Сантьяго Митре'];['драматический фильм', 'юридическая драма', 'историческая драма', 'исторический фильм'];7.6;Аргентина, 1985;2022
['Аргентина'];['Хуан Хосе Хусид'];['комедия', 'драма', 'Латин-поп', 'Саундтрек'];4.7;Аргентинец в Нью-Йорке;2002
['Великобритания', 'США'];['Мэттью Вон'];['комедийный боевик', 'Музыка к фильму'];5.6;Аргайл: Супершпион;2024
['Россия'];['Иван Охлобыстин'];['детективный фильм', 'триллер'];6.1;Арбитр;1992
['США'];['Фрэнк Маршалл'];['фильм ужасов'];6.5;Арахнофобия;1990
['Япония'];['Кацуо Мори'];['драма', 'приключения'];6.5;Араки Матаэмон: Дуэль на перекрестке у лавки ключей;1952
['Монголия', 'Китай'];['Доржийн Золбаяр У Шагдарсүрэн'];['военный'];5.8;Аравт;2012
['Канада', 'Франция'];['Атом Эгоян'];['драма'];6.3;Арарат;2002
['Франция'];['Роберт Кешишян'];['драма'];6.8;Арам Артунян;2002
['Великобритания'];['Кевин Коннор'];['фэнтезийный фильм', 'приключенческий фильм'];5.7;Арабские приключения;1979
['США', 'Великобритания', 'Германия'];['Стив Бэррон'];['фэнтезийный фильм', 'приключенческий фильм'];7.4;Арабские приключения;2000
['США'];['Джон Роулинз'];['приключенческий фильм', 'боевик', 'Фильм о цирке'];6.1;Арабские ночи;1942
['США'];['Джером Сторм'];['мелодрама'];;Арабская любовь;1922
['СССР'];['Сергей Параджанов'];['документальный фильм'];7.0;Арабески на тему Пиросмани;1986
['США'];['Тайлер Нилсон', 'Майк Шварц'];['бадди-муви', 'приключения'];7.6;Арахисовый сокол;2019
['США'];['Стэнли Донен'];['Триллер'];6.4;Арабеска;1966
['СССР'];['Александр Павловский'];['музыкальная комедия'];5.9;Ар-хи-ме-ды!;1975
['Польша'];['Александр Герц'];['драма'];;Арабелла;1917
['Эстония'];['Эльмо Нюганен'];['криминал', 'драма'];6.8;Аптекарь Мельхиор;2022
['СССР'];['Станислав Говорухин'];['новелла экранизация'];6.5;Аптекарша;1964
['СССР'];['Пеэтер Симм'];['сказка'];6.7;Арабелла — дочь пирата;1983
['СССР'];['Валерий Ахадов'];['лирическая', 'комедия'];5.7;Апрельские сны;1980
['Португалия', 'Испания', 'Франция', 'Италия'];['Мария де Медейруш'];['драма', 'исторический'];7.1;Апрельские капитаны;2000
['США'];['Гас Ван Сент'];['криминальная драма'];7.2;Аптечный ковбой;1989
['СССР'];['Отар Иоселиани'];['драма мелодрама притча'];7.2;Апрель;1961
['Грузия'];['Деа Кулумбегашвили'];['драматический фильм'];6.3;Апрель;2024
['Франция'];['Жиль Гранжье'];['комедия'];5.7;Апрельская рыбка;1954
['СССР'];['Юрий Вышинский'];[];5.9;Аппассионата;1963
['США'];['Генри Левин'];['музыкальный фильм'];6.2;Апрельская любовь;1957
['Россия'];['Денис Нейманд'];['Военный фильм', 'Драма'];6.2;Апперкот для Гитлера Uppercut for Gitler [ ];2016
['Россия'];['Станислав Митин'];['драма'];6.1;Апофегей;2013
['США'];['Эндрю Робинсон'];['драма'];5.6;Апрельские дожди;2009
['Россия'];['Константин Мурзенко'];['криминальная', 'драма'];6.0;Апрель;2001
['Великобритания', 'США'];['Гарет Эванс'];['Ужасы', 'Драма', 'Фантастика'];6.3;Апостол;2018
['Германская империя'];['Макс Складановский'];['короткометражка'];4.2;Апофеоз;1895
['США'];['Роберт Дюваль'];['драма'];7.2;Апостол;1997
['США'];['Ричард Линклейтер'];['научно-фантастический фильм', 'драматический фильм', 'подростковый фильм'];7.2;Аполлон-10½: Приключение космического века;2022
['Россия'];['Адель Аль-Хадад'];['драма', 'фильм-биография'];5.3;Апокриф: музыка для Петра и Павла;2004
['США'];['Фрэнсис Форд Коппола'];['военный фильм', 'драма'];8.4;Апокалипсис сегодня;1979
['США'];['Сэм Ньюфилд'];['нуар'];5.7;Апология убийства;1945
['СССР'];['Ольга Преображенская', 'Иван Правов'];['приключения экранизация'];;Аня;1927
['США'];['Эд Харрис'];['вестерн'];6.7;Аппалуза;2008
['США', 'Канада'];['Гонсало Лопес-Гальего'];['псевдодокументальный', 'научно-фантастический', 'фильм ужасов'];5.2;Аполлон 18;2011
['США', 'Россия', 'Бахрейн'];['Андрей Звягинцев'];['драма', 'короткометражный'];6.5;Апокриф;2009
['Франция'];['Даниэль Касателле', 'Изабелла Кларк'];['документальный'];9.0;Апокалипсис: Вторая мировая война;2009
['Италия', 'Великобритания'];['Раффаэле Мертес'];['религиозный фильм', 'драматический фильм'];6.2;Апокалипсис: Откровение Иоанна Богослова;2002
['Италия', 'Испания', 'США'];['Антонио Маргерити'];['фильм ужасов', 'боевик'];5.5;Апокалипсис каннибалов;1980
['США'];['Ричард Аллен Гэрриот'];['научно-фантастический фильм'];5.0;Апогей страха;2012
['Россия'];['Андрей Прошкин'];['драма'];6.5;Апельсиновый сок;2010
['СССР'];['Виктор Бутурлин'];['Муз фильм'];6.0;Аплодисменты, аплодисменты…;1984
['США'];['Рон Ховард'];['приключения', 'история', 'драма'];7.7;Аполлон-13;1995
['США'];['Джозеф Косински'];['боевик', 'спортивный фильм'];;Апогей  Внешние видеофайлы;2025
['США'];['Мел Гибсон'];['драма', 'триллер', 'приключения', 'исторический'];7.8;Апокалипсис;2006
['ГДР', 'СССР', 'Румыния'];['Готфрид Кольдиц'];['вестерн'];5.9;Апачи;1974
['Австралия', 'США'];['Ли Уоннелл'];['научная фантастика', 'триллер', 'киберпанк'];7.5;Апгрейд;2018
['СССР'];['Валерий Гурьянов'];['драматический фильм'];7.0;Апелляция;1987
['СССР'];['А Белинский', 'В Васильев'];['телевизионный балет'];8.0;Анюта  Внешние медиафайлы;1982
['США', 'Канада'];['Мишель Таверна'];['фильм ужасов'];2.5;Апартаменты 1303;2012
['Российская империя'];['Яков Протазанов'];['драма'];6.0;Анфиса;1912
['СССР'];['Лев Голуб'];['детский', 'драма', 'приключенческий'];6.6;Анютина дорога;1967
['Италия'];['Джо ДАмато'];['фильм ужасов'];5.3;Антропофаг;1980
['США'];['Даг Эллин'];['комедия', 'драма'];6.5;Антураж;2015
['Франция'];['Рене Клер'];['фэнтезийный фильм', 'немое кино'];7.3;Антракт;1924
